ACC_X,ACC_Y,ACC_Z,DATE,UNIX_TIMESTAMP,norm,Line_Number
-1.276343822479248,0.4927005767822265,-0.2598507404327392,2023-10-20T11:58:56.315069Z,1697803136315,1.39259822592373,0
-1.139634609222412,0.4855406284332275,-0.2183552980422973,2023-10-20T11:58:56.335661Z,1697803136335,1.2578536403652032,1
-1.0228395462036133,0.4740023612976074,-0.1857533454895019,2023-10-20T11:58:56.356117Z,1697803136356,1.1425337111675364,2
-0.9242711067199708,0.4612283706665039,-0.1604113578796386,2023-10-20T11:58:56.376138Z,1697803136376,1.0453422847861016,3
-0.8485879898071289,0.4533033370971679,-0.1418591737747192,2023-10-20T11:58:56.396781Z,1697803136396,0.972475972480749,4
-0.8061294555664062,0.4600028991699219,-0.12979257106781,2023-10-20T11:58:56.416871Z,1697803136416,0.9371731312201158,5
-0.8029999732971191,0.489743709564209,-0.1226404905319213,2023-10-20T11:58:56.437334Z,1697803136437,0.9485244056379344,6
-0.8324775695800781,0.5439739227294922,-0.1155455112457275,2023-10-20T11:58:56.457858Z,1697803136457,1.0011380012928797,7
-0.8767433166503906,0.6165876388549805,-0.1005327701568603,2023-10-20T11:58:56.481018Z,1697803136480,1.0765528308240608,8
-0.9113945960998536,0.6955838203430176,-0.0685968995094299,2023-10-20T11:58:56.497415Z,1697803136497,1.148556701058032,9
-0.9110507965087892,0.7655429840087891,-0.0135423466563224,2023-10-20T11:58:56.518006Z,1697803136517,1.1900642879010108,10
-0.8468270301818848,0.7998433113098145,0.0621250867843627,2023-10-20T11:58:56.538072Z,1697803136538,1.166501122203354,11
-0.6901512145996094,0.7508120536804199,0.1371638774871826,2023-10-20T11:58:56.558780Z,1697803136558,1.0290001789370324,12
-0.4306545257568359,0.5537161827087402,0.1616356372833252,2023-10-20T11:58:56.580049Z,1697803136580,0.7198548539729179,13
-0.0987405776977539,0.1534371376037597,0.0615582466125488,2023-10-20T11:58:56.598598Z,1697803136598,0.1925670652165957,14
0.2428627014160156,-0.4610071182250976,-0.2343945503234863,2023-10-20T11:58:56.618923Z,1697803136618,0.571358608944193,15
0.533660888671875,-1.2235465049743652,-0.7528376579284668,2023-10-20T11:58:56.639857Z,1697803136639,1.5325222781833414,16
0.7534642219543457,-2.010825157165528,-1.4502248764038086,2023-10-20T11:58:56.659493Z,1697803136659,2.5911924549510945,17
0.921682596206665,-2.6970038414001465,-2.224503517150879,2023-10-20T11:58:56.680456Z,1697803136680,3.615486748211648,18
1.0605261325836182,-3.224487781524658,-2.985270977020264,2023-10-20T11:58:56.700362Z,1697803136700,4.520384932429328,19
1.1694939136505127,-3.566990852355957,-3.650497913360596,2023-10-20T11:58:56.720873Z,1697803136720,5.236150758936065,20
1.2577781677246094,-3.760128974914551,-4.215168952941895,2023-10-20T11:58:56.740733Z,1697803136740,5.786901168072762,21
1.319260835647583,-3.8044662475585938,-4.676106929779053,2023-10-20T11:58:56.763096Z,1697803136763,6.170930934633267,22
1.3778696060180664,-3.70416259765625,-5.027525424957275,2023-10-20T11:58:56.781189Z,1697803136781,6.394947779275114,23
1.4337434768676758,-3.4652395248413086,-5.263149261474609,2023-10-20T11:58:56.801494Z,1697803136801,6.462526245249899,24
1.468604326248169,-3.1056771278381348,-5.34893798828125,2023-10-20T11:58:56.821952Z,1697803136821,6.357135100965688,25
1.467177152633667,-2.686654090881348,-5.292789459228516,2023-10-20T11:58:56.841995Z,1697803136841,6.114273404173238,26
1.4143781661987305,-2.259714365005493,-5.148209571838379,2023-10-20T11:58:56.863319Z,1697803136863,5.797485351771074,27
1.3203864097595217,-1.870655536651612,-4.985984802246094,2023-10-20T11:58:56.882697Z,1697803136882,5.486603398835384,28
1.2120904922485352,-1.526158332824707,-4.83219051361084,2023-10-20T11:58:56.903013Z,1697803136902,5.210411478768273,29
1.1289803981781006,-1.2241461277008057,-4.7119646072387695,2023-10-20T11:58:56.923257Z,1697803136923,4.997573505342976,30
1.083172082901001,-0.9324748516082764,-4.573642730712891,2023-10-20T11:58:56.946280Z,1697803136946,4.791761569429434,31
1.0813899040222168,-0.6463236808776855,-4.36620044708252,2023-10-20T11:58:56.963574Z,1697803136963,4.544320055749601,32
1.0942811965942385,-0.3645367622375488,-4.056049346923828,2023-10-20T11:58:56.984295Z,1697803136984,4.216856019942294,33
1.108021259307861,-0.0951144844293594,-3.632134437561035,2023-10-20T11:58:57.004601Z,1697803137004,3.798573212239466,34
1.1254587173461914,0.1537092924118042,-3.152651786804199,2023-10-20T11:58:57.024579Z,1697803137024,3.3510441894824337,35
1.1482305526733398,0.3837727308273315,-2.668543815612793,2023-10-20T11:58:57.046475Z,1697803137046,2.93033121112008,36
1.191781997680664,0.5978374481201172,-2.2319955825805664,2023-10-20T11:58:57.065534Z,1697803137065,2.5999150418868786,37
1.2898774147033691,0.8291926383972168,-1.9002089500427248,2023-10-20T11:58:57.085391Z,1697803137085,2.441749010516122,38
1.510702133178711,1.153855323791504,-1.706193923950195,2023-10-20T11:58:57.105871Z,1697803137105,2.5543493789137908,39
1.9045090675354004,1.6582870483398438,-1.599919319152832,2023-10-20T11:58:57.125896Z,1697803137125,2.989450208786675,40
2.442570209503174,2.36197280883789,-1.459848165512085,2023-10-20T11:58:57.146022Z,1697803137145,3.698137564287047,41
3.037910461425781,3.2081422805786133,-1.203232765197754,2023-10-20T11:58:57.166415Z,1697803137166,4.579175247937316,42
3.5887880325317383,4.088675022125244,-0.82662034034729,2023-10-20T11:58:57.186933Z,1697803137186,5.50272334086221,43
4.057299613952637,4.926737308502197,-0.3776585459709167,2023-10-20T11:58:57.207106Z,1697803137207,6.393515984316654,44
4.443534851074219,5.668566703796387,0.0800378918647766,2023-10-20T11:58:57.229586Z,1697803137229,7.203058830263318,45
4.756208896636963,6.299642562866211,0.517946720123291,2023-10-20T11:58:57.247483Z,1697803137247,7.91045436705191,46
5.008969306945801,6.786674499511719,0.9222246408462524,2023-10-20T11:58:57.267793Z,1697803137267,8.485235563520423,47
5.17100715637207,7.0932817459106445,1.2698349952697754,2023-10-20T11:58:57.288009Z,1697803137287,8.86941045692058,48
5.250009059906006,7.20737886428833,1.543622970581055,2023-10-20T11:58:57.308278Z,1697803137308,9.049402029846544,49
5.273426055908203,7.154195308685303,1.7139403820037842,2023-10-20T11:58:57.328839Z,1697803137328,9.051470848155542,50
5.285886764526367,7.01777458190918,1.780642032623291,2023-10-20T11:58:57.348615Z,1697803137348,8.964398753861321,51
5.339539051055908,6.867623329162598,1.7822000980377195,2023-10-20T11:58:57.369054Z,1697803137369,8.879817827999348,52
5.460086822509766,6.760400772094727,1.7606525421142578,2023-10-20T11:58:57.389386Z,1697803137389,8.866536194181872,53
5.620708465576172,6.691302299499512,1.7264347076416016,2023-10-20T11:58:57.412886Z,1697803137412,8.907663381495544,54
5.763390064239502,6.631300449371338,1.6886558532714844,2023-10-20T11:58:57.429712Z,1697803137429,8.94664011085699,55
5.831357955932617,6.516611099243164,1.6229512691497805,2023-10-20T11:58:57.450495Z,1697803137450,8.894095043962185,56
5.784001350402832,6.332708835601807,1.5087778568267822,2023-10-20T11:58:57.471083Z,1697803137471,8.708288203729927,57
5.652915954589844,6.09181022644043,1.3493900299072266,2023-10-20T11:58:57.490610Z,1697803137490,8.419409960171414,58
5.443297386169434,5.805266380310059,1.1498992443084717,2023-10-20T11:58:57.513047Z,1697803137513,8.040700992618643,59
5.158626556396484,5.477782249450684,0.9396460056304932,2023-10-20T11:58:57.530775Z,1697803137530,7.582905837253512,60
4.809756755828857,5.100883483886719,0.7317823171615601,2023-10-20T11:58:57.551733Z,1697803137551,7.048991255927332,61
4.411096572875977,4.689628601074219,0.5294498205184937,2023-10-20T11:58:57.572168Z,1697803137572,6.459930843569348,62
3.997524738311768,4.261913776397705,0.3418298959732055,2023-10-20T11:58:57.592118Z,1697803137592,5.85328632040533,63
3.581967353820801,3.8185300827026367,0.178819477558136,2023-10-20T11:58:57.612836Z,1697803137612,5.23866762850032,64
3.170915603637696,3.359392642974853,0.0459596663713455,2023-10-20T11:58:57.632268Z,1697803137632,4.619776724691308,65
2.7715868949890137,2.896170139312744,-0.0562445521354675,2023-10-20T11:58:57.652626Z,1697803137652,4.009072067444855,66
2.390692710876465,2.4439034461975098,-0.1284868419170379,2023-10-20T11:58:57.673301Z,1697803137673,3.421196363952198,67
2.0311732292175293,2.0171804428100586,-0.1734774112701416,2023-10-20T11:58:57.696038Z,1697803137695,2.86788703371774,68
1.6972994804382324,1.6301145553588867,-0.1949036121368408,2023-10-20T11:58:57.713303Z,1697803137713,2.361373839084524,69
1.3977112770080566,1.2946724891662598,-0.1980912685394287,2023-10-20T11:58:57.733581Z,1697803137733,1.9154669975624772,70
1.137509822845459,1.014484405517578,-0.1883424520492553,2023-10-20T11:58:57.754125Z,1697803137754,1.535766937185518,71
0.917470932006836,0.7868328094482422,-0.17050302028656,2023-10-20T11:58:57.774400Z,1697803137774,1.2206269131182326,72
0.7325172424316406,0.6038022041320801,-0.1480071544647216,2023-10-20T11:58:57.795677Z,1697803137795,0.9607625773036526,73
0.5757637023925781,0.4568238258361816,-0.1231824159622192,2023-10-20T11:58:57.814660Z,1697803137814,0.7452286605107888,74
0.4448146820068359,0.340705394744873,-0.0985260009765625,2023-10-20T11:58:57.834520Z,1697803137834,0.5689003781028238,75
0.3383045196533203,0.2509732246398926,-0.0759705305099487,2023-10-20T11:58:57.855890Z,1697803137855,0.4280292384989287,76
0.2555112838745117,0.1841683387756347,-0.0570210218429565,2023-10-20T11:58:57.878957Z,1697803137878,0.3200865353722227,77
0.1966848373413086,0.1381692886352539,-0.042730689048767,2023-10-20T11:58:57.896395Z,1697803137896,0.244134367405598,78
0.1615796089172363,0.1110186576843261,-0.0335005521774292,2023-10-20T11:58:57.916604Z,1697803137916,0.1988853925457303,79
0.1487493515014648,0.1004371643066406,-0.0289238691329956,2023-10-20T11:58:57.937105Z,1697803137937,0.1817981951276967,80
0.1566829681396484,0.1045794486999511,-0.028172492980957,2023-10-20T11:58:57.956961Z,1697803137956,0.1904733654771654,81
0.1825180053710937,0.1212115287780761,-0.0300045013427734,2023-10-20T11:58:57.979263Z,1697803137979,0.2211454885232557,82
0.2220706939697265,0.1476707458496093,-0.0330499410629272,2023-10-20T11:58:57.997253Z,1697803137997,0.2687272611854606,83
0.2729768753051758,0.1827764511108398,-0.0364590883255004,2023-10-20T11:58:58.017352Z,1697803138017,0.3305342200946481,84
0.3313817977905273,0.2245287895202636,-0.0394232273101806,2023-10-20T11:58:58.038055Z,1697803138038,0.4022204172861777,85
0.3938102722167969,0.2713193893432617,-0.0415714979171752,2023-10-20T11:58:58.057837Z,1697803138057,0.4800301354874981,86
0.4578480720520019,0.3223104476928711,-0.0429913401603698,2023-10-20T11:58:58.079290Z,1697803138079,0.5615666809048582,87
0.5215024948120117,0.3768301010131836,-0.0440611839294433,2023-10-20T11:58:58.099072Z,1697803138099,0.6449086486115865,88
0.5833797454833984,0.4344067573547363,-0.0452741980552673,2023-10-20T11:58:58.118659Z,1697803138118,0.7287598447261479,89
0.6388769149780273,0.4918904304504394,-0.0467436909675598,2023-10-20T11:58:58.139202Z,1697803138139,0.807653936228773,90
0.6816887855529785,0.5442733764648438,-0.0482810735702514,2023-10-20T11:58:58.162853Z,1697803138162,0.8736499131472699,91
0.7077927589416504,0.5874466896057129,-0.0497342348098754,2023-10-20T11:58:58.179771Z,1697803138179,0.9211610591265068,92
0.7169837951660156,0.6196165084838867,-0.0510162115097045,2023-10-20T11:58:58.199891Z,1697803138199,0.9489958029165504,93
0.7114930152893066,0.6407489776611328,-0.0521491169929504,2023-10-20T11:58:58.220142Z,1697803138220,0.9589061964459302,94
0.6922497749328613,0.6500310897827148,-0.0530011057853698,2023-10-20T11:58:58.240913Z,1697803138240,0.9510832170705006,95
0.6585369110107422,0.6453990936279297,-0.0532979369163513,2023-10-20T11:58:58.262103Z,1697803138262,0.9236078839523094,96
0.6097259521484375,0.6246967315673828,-0.0526730418205261,2023-10-20T11:58:58.281105Z,1697803138281,0.874520550066673,97
0.5472898483276367,0.5872917175292969,-0.0507544875144958,2023-10-20T11:58:58.301492Z,1697803138301,0.8043716538788883,98
0.474949836730957,0.5345625877380371,-0.0473330020904541,2023-10-20T11:58:58.321986Z,1697803138321,0.7166414171026151,99
-0.0720968246459961,-0.0064846873283386,0.0240752696990966,2023-10-20T11:45:35.916984Z,1697802335916,0.0762864464034474,100
-0.1980400085449218,-0.0177087187767028,0.0664725303649902,2023-10-20T11:45:35.936573Z,1697802335936,0.2096474206812704,101
-0.3137979507446289,-0.0270856022834777,0.1064808368682861,2023-10-20T11:45:35.957062Z,1697802335957,0.3324769952384042,102
-0.4171829223632812,-0.0336139202117919,0.1439809799194336,2023-10-20T11:45:35.977097Z,1697802335977,0.4426081889460841,103
-0.5071544647216797,-0.0367250442504882,0.1793322563171386,2023-10-20T11:45:35.997400Z,1697802335997,0.5391794118084718,104
-0.5859889984130859,-0.0366305708885192,0.2141623497009277,2023-10-20T11:45:36.017860Z,1697802336017,0.624972332999,105
-0.6548929214477539,-0.0338681638240814,0.2496836185455322,2023-10-20T11:45:36.038302Z,1697802336038,0.7016934519098633,106
-0.71392822265625,-0.0290545523166656,0.2864153385162353,2023-10-20T11:45:36.061002Z,1697802336060,0.7697866069585801,107
-0.7612476348876953,-0.0226575434207916,0.3236963748931885,2023-10-20T11:45:36.078181Z,1697802336078,0.8275207967265635,108
-0.795720100402832,-0.0153092741966247,0.360654354095459,2023-10-20T11:45:36.098473Z,1697802336098,0.873771374668187,109
-0.8164653778076172,-0.0079827532172203,0.3960185050964355,2023-10-20T11:45:36.119194Z,1697802336119,0.9074745692779924,110
-0.822990894317627,-0.0018630810081958,0.4283308982849121,2023-10-20T11:45:36.139421Z,1697802336139,0.9277849112947084,111
-0.8155746459960938,0.0021251682192087,0.4563140869140625,2023-10-20T11:45:36.160775Z,1697802336160,0.9345528692630654,112
-0.7929801940917969,0.0034363158047199,0.4773774147033691,2023-10-20T11:45:36.180193Z,1697802336180,0.9255909423482092,113
-0.7534570693969727,0.0018629767000675,0.487912654876709,2023-10-20T11:45:36.200325Z,1697802336200,0.8976412339544669,114
-0.6947684288024902,-0.00235684402287,0.4833889007568359,2023-10-20T11:45:36.220464Z,1697802336220,0.846388535927402,115
-0.6167964935302734,-0.0084571316838264,0.4605259895324707,2023-10-20T11:45:36.244224Z,1697802336244,0.7698010291902834,116
-0.5193514823913574,-0.0150463730096817,0.416104793548584,2023-10-20T11:45:36.261511Z,1697802336261,0.6656542306760745,117
-0.3990426063537597,-0.0198359191417694,0.3436603546142578,2023-10-20T11:45:36.280985Z,1697802336280,0.52700180711967,118
-0.2480139732360839,-0.0189135670661926,0.2305173873901367,2023-10-20T11:45:36.302223Z,1697802336302,0.3391267017335713,119
-0.0583620071411132,-0.0063517093658447,0.0589222908020019,2023-10-20T11:45:36.321813Z,1697802336321,0.0831763454520766,120
0.1709871292114257,0.0253044962882995,-0.1891059875488281,2023-10-20T11:45:36.344306Z,1697802336344,0.2561991225886358,121
0.4280462265014648,0.0839080810546875,-0.5247831344604492,2023-10-20T11:45:36.362089Z,1697802336362,0.6823939304408834,122
0.6848907470703125,0.1779094934463501,-0.9467520713806152,2023-10-20T11:45:36.382401Z,1697802336382,1.1819757222313634,123
0.9143972396850586,0.3208158016204834,-1.455364227294922,2023-10-20T11:45:36.403327Z,1697802336403,1.7484650767466856,124
1.0968270301818848,0.5312323570251465,-2.04921817779541,2023-10-20T11:45:36.423090Z,1697802336423,2.384225763533153,125
1.2289233207702637,0.8305857181549072,-2.724170684814453,2023-10-20T11:45:36.443989Z,1697802336443,3.101810936136882,126
1.3229007720947266,1.234015941619873,-3.46841812133789,2023-10-20T11:45:36.463921Z,1697802336463,3.911877562169586,127
1.385974407196045,1.7509827613830566,-4.274060249328613,2023-10-20T11:45:36.484174Z,1697802336484,4.822287496920318,128
1.4165196418762207,2.383751392364502,-5.11832332611084,2023-10-20T11:45:36.504430Z,1697802336504,5.821171039149354,129
1.4207370281219482,3.1195998191833496,-5.971554756164551,2023-10-20T11:45:36.526987Z,1697802336526,6.885482041280556,130
1.399487018585205,3.940080165863037,-6.783200263977051,2023-10-20T11:45:36.544436Z,1697802336544,7.968349982890695,131
1.373403549194336,4.820311546325684,-7.512178421020508,2023-10-20T11:45:36.565034Z,1697802336564,9.030751095109778,132
1.3465511798858645,5.731383800506592,-8.135635375976562,2023-10-20T11:45:36.585475Z,1697802336585,10.04243612474596,133
1.3315303325653076,6.633430480957031,-8.63277530670166,2023-10-20T11:45:36.605694Z,1697802336605,10.968143984659813,134
1.345046043395996,7.476624011993408,-9.005901336669922,2023-10-20T11:45:36.626958Z,1697802336626,11.781991103434288,135
1.3809434175491333,8.224477767944336,-9.274703979492188,2023-10-20T11:45:36.646238Z,1697802336646,12.47273719698652,136
1.4066232442855835,8.870186805725098,-9.459444999694824,2023-10-20T11:45:36.666036Z,1697802336665,13.043768727713456,137
1.4061864614486694,9.408546447753906,-9.544037818908691,2023-10-20T11:45:36.686342Z,1697802336686,13.475413333648197,138
1.3828808069229126,9.833105087280272,-9.514023780822754,2023-10-20T11:45:36.710335Z,1697802336710,13.752053064386926,139
1.3380128145217896,10.153199195861816,-9.36823272705078,2023-10-20T11:45:36.727689Z,1697802336727,13.879535893928834,140
1.2862975597381592,10.372512817382812,-9.12981128692627,2023-10-20T11:45:36.747311Z,1697802336747,13.877933480667984,141
1.2284667491912842,10.499628067016602,-8.820338249206543,2023-10-20T11:45:36.768090Z,1697802336768,13.767704490217945,142
1.197594165802002,10.539722442626951,-8.449590682983398,2023-10-20T11:45:36.788275Z,1697802336788,13.561547244453232,143
1.2088040113449097,10.503100395202637,-8.030806541442871,2023-10-20T11:45:36.810179Z,1697802336810,13.276678001504402,144
1.253261685371399,10.413710594177246,-7.57034969329834,2023-10-20T11:45:36.828579Z,1697802336828,12.935463952642811,145
1.32242751121521,10.280856132507324,-7.064689636230469,2023-10-20T11:45:36.848821Z,1697802336848,12.544108457598512,146
1.4238567352294922,10.095540046691896,-6.510350704193115,2023-10-20T11:45:36.869426Z,1697802336869,12.096774906081622,147
1.5814156532287598,9.839215278625488,-5.917140483856201,2023-10-20T11:45:36.888963Z,1697802336888,11.589805187021229,148
1.8051621913909912,9.490819931030272,-5.303934097290039,2023-10-20T11:45:36.910106Z,1697802336910,11.02116102817053,149
2.0773441791534424,9.036681175231934,-4.693695068359375,2023-10-20T11:45:36.929751Z,1697802336929,10.392677176560186,150
2.356855869293213,8.468669891357422,-4.105288505554199,2023-10-20T11:45:36.949996Z,1697802336949,9.701882963179932,151
2.5954372882843018,7.796208381652832,-3.5502138137817383,2023-10-20T11:45:36.970495Z,1697802336970,8.951043401254243,152
2.774150848388672,7.029453277587891,-3.021103858947754,2023-10-20T11:45:36.993582Z,1697802336993,8.13856220950333,153
2.8842804431915283,6.180959701538086,-2.51956844329834,2023-10-20T11:45:37.010904Z,1697802337010,7.271283356291359,154
2.909914493560791,5.28109073638916,-2.0532994270324707,2023-10-20T11:45:37.030807Z,1697802337030,6.369737848833532,155
2.845166683197021,4.359343528747559,-1.6405889987945557,2023-10-20T11:45:37.050892Z,1697802337050,5.458056588179833,156
2.6753244400024414,3.450056552886963,-1.289803981781006,2023-10-20T11:45:37.071904Z,1697802337071,4.552345042811538,157
2.4175472259521484,2.6020736694335938,-1.000812292098999,2023-10-20T11:45:37.093604Z,1697802337093,3.69011479697922,158
2.0936923027038574,1.8623247146606443,-0.7706058025360107,2023-10-20T11:45:37.111975Z,1697802337111,2.9061373168072087,159
1.730863094329834,1.2629280090332031,-0.5875148773193359,2023-10-20T11:45:37.132168Z,1697802337132,2.2217218409119472,160
1.37225341796875,0.8138446807861328,-0.4419305324554443,2023-10-20T11:45:37.152803Z,1697802337152,1.6555135768356453,161
1.0792102813720703,0.5095410346984863,-0.3354434967041015,2023-10-20T11:45:37.172600Z,1697802337172,1.239697235998315,162
0.8956518173217773,0.3258054256439209,-0.2754504680633545,2023-10-20T11:45:37.193234Z,1697802337193,0.9920757600138912,163
0.8353738784790039,0.2238142490386963,-0.2625565528869629,2023-10-20T11:45:37.213396Z,1697802337213,0.9038131877670816,164
0.8994312286376953,0.1645845174789428,-0.2979016304016113,2023-10-20T11:45:37.233488Z,1697802337233,0.9616704112316384,165
1.0564956665039062,0.1157169342041015,-0.3754429817199707,2023-10-20T11:45:37.253961Z,1697802337253,1.1271783065362426,166
1.2916011810302734,0.0601345300674438,-0.495082139968872,2023-10-20T11:45:37.276738Z,1697802337276,1.3845418368042863,167
1.5429458618164062,-0.0101398266851902,-0.6405668258666992,2023-10-20T11:45:37.294225Z,1697802337294,1.6706617272753082,168
1.7733545303344729,-0.0918036699295044,-0.7968931198120117,2023-10-20T11:45:37.314541Z,1697802337314,1.9463434559383517,169
1.9840421676635744,-0.1831952333450317,-0.9597434997558594,2023-10-20T11:45:37.334785Z,1697802337334,2.211581199484012,170
2.181708335876465,-0.2832692861557007,-1.1275758743286133,2023-10-20T11:45:37.355074Z,1697802337355,2.472148883801287,171
2.359100341796875,-0.3874783515930176,-1.2927203178405762,2023-10-20T11:45:37.376611Z,1697802337376,2.7178336438746973,172
2.497159957885742,-0.4885412454605102,-1.439558029174805,2023-10-20T11:45:37.395338Z,1697802337395,2.9234923846566927,173
2.587331771850586,-0.579564094543457,-1.555088996887207,2023-10-20T11:45:37.416126Z,1697802337416,3.0738383213095526,174
2.6362781524658203,-0.6570773124694824,-1.63710355758667,2023-10-20T11:45:37.436286Z,1697802337436,3.172037381556789,175
2.6507797241210938,-0.7189233303070068,-1.688143253326416,2023-10-20T11:45:37.460131Z,1697802337460,3.2238659315211478,176
2.6280221939086914,-0.7619411945343018,-1.707763671875,2023-10-20T11:45:37.476959Z,1697802337476,3.225447533999118,177
2.5624008178710938,-0.7824146747589111,-1.6934051513671875,2023-10-20T11:45:37.496636Z,1697802337496,3.1694939156561683,178
2.4544677734375,-0.778209924697876,-1.6453146934509275,2023-10-20T11:45:37.517213Z,1697802337517,3.0556641141046628,179
0.4922866821289062,0.1124494075775146,-0.2547698020935058,2023-10-20T11:45:40.029690Z,1697802340029,0.5655958793385829,180
0.4063930511474609,0.0923647880554199,-0.2146534919738769,2023-10-20T11:45:40.050400Z,1697802340050,0.4687885319736871,181
0.3230066299438476,0.0722445249557495,-0.1748795509338379,2023-10-20T11:45:40.070145Z,1697802340070,0.3743466464502979,182
0.2430591583251953,0.052852988243103,-0.1353487968444824,2023-10-20T11:45:40.090106Z,1697802340090,0.2831792535113173,183
0.167388916015625,0.0349254608154296,-0.0960817337036132,2023-10-20T11:45:40.110681Z,1697802340110,0.1961390745607517,184
0.0968580245971679,0.0191422700881958,-0.0573911666870117,2023-10-20T11:45:40.130812Z,1697802340130,0.1142000413602875,185
0.0325889587402343,0.0060203075408935,-0.0199522972106933,2023-10-20T11:45:40.151699Z,1697802340151,0.0386830518269108,186
-0.0254774093627929,-0.0043325424194335,0.0161261558532714,2023-10-20T11:45:40.173014Z,1697802340172,0.0304618156756867,187
-0.075531005859375,-0.0116069316864013,0.0494284629821777,2023-10-20T11:45:40.192216Z,1697802340192,0.091010036051428,188
-0.1149029731750488,-0.0156116485595703,0.0776820182800293,2023-10-20T11:45:40.212257Z,1697802340212,0.1395740404920353,189
-0.141148567199707,-0.0165551900863647,0.0984539985656738,2023-10-20T11:45:40.232767Z,1697802340232,0.1728877733528186,190
-0.1545796394348144,-0.0153235793113708,0.1111159324645996,2023-10-20T11:45:40.252561Z,1697802340252,0.190988029620148,191
-0.1587357521057129,-0.0131565332412719,0.1175522804260253,2023-10-20T11:45:40.272744Z,1697802340272,0.1979612891371793,192
-0.1552281379699707,-0.0108934640884399,0.1184878349304199,2023-10-20T11:45:40.293804Z,1697802340293,0.1955858108451858,193
-0.1406483650207519,-0.0088011920452117,0.1108407974243164,2023-10-20T11:45:40.313619Z,1697802340313,0.1792905628807208,194
-0.1080784797668457,-0.006626158952713,0.088235855102539,2023-10-20T11:45:40.334120Z,1697802340334,0.1396797404667382,195
-0.0501718521118164,-0.0033597946166992,0.0426874160766601,2023-10-20T11:45:40.353620Z,1697802340353,0.0659599761635666,196
0.043954849243164,0.0035057067871093,-0.0392870903015136,2023-10-20T11:45:40.374025Z,1697802340373,0.0590575500374485,197
0.1854562759399414,0.0184686183929443,-0.1758503913879394,2023-10-20T11:45:40.394256Z,1697802340394,0.256239107675131,198
0.373136043548584,0.047403335571289,-0.3796963691711426,2023-10-20T11:45:40.414907Z,1697802340414,0.5344594614936886,199
0.5868535041809082,0.0973198413848877,-0.6498103141784668,2023-10-20T11:45:40.435207Z,1697802340435,0.8809776565323939,200
0.7962985038757324,0.1775574684143066,-0.9756574630737304,2023-10-20T11:45:40.456274Z,1697802340456,1.271819738451914,201
0.9837055206298828,0.3024041652679443,-1.355147361755371,2023-10-20T11:45:40.475502Z,1697802340475,1.7016313356781056,202
1.1561498641967771,0.4932563304901123,-1.8092641830444336,2023-10-20T11:45:40.496006Z,1697802340495,2.2030481610936787,203
1.322401523590088,0.7686138153076172,-2.348651885986328,2023-10-20T11:45:40.516602Z,1697802340516,2.802798363818249,204
1.4941678047180176,1.141089916229248,-2.976909637451172,2023-10-20T11:45:40.536260Z,1697802340536,3.5208826471675536,205
1.660630226135254,1.6139841079711914,-3.665593147277832,2023-10-20T11:45:40.557419Z,1697802340557,4.335805642566072,206
1.814444065093994,2.1767892837524414,-4.373858451843262,2023-10-20T11:45:40.577239Z,1697802340577,5.21164624739391,207
1.9482429027557373,2.833327293395996,-5.072114944458008,2023-10-20T11:45:40.597282Z,1697802340597,6.127784589020329,208
2.065955877304077,3.565288543701172,-5.7186150550842285,2023-10-20T11:45:40.617787Z,1697802340617,7.048546959129242,209
2.178488254547119,4.361058235168457,-6.3163652420043945,2023-10-20T11:45:40.639293Z,1697802340639,7.978791254076748,210
2.291327476501465,5.183645248413086,-6.852837085723877,2023-10-20T11:45:40.658074Z,1697802340658,8.892791226012148,211
2.4102563858032227,5.989995002746582,-7.330008506774902,2023-10-20T11:45:40.678316Z,1697802340678,9.768234266622944,212
2.5252065658569336,6.741744995117188,-7.740602970123291,2023-10-20T11:45:40.698886Z,1697802340698,10.570937901648849,213
2.6080541610717773,7.423088550567627,-8.087821006774902,2023-10-20T11:45:40.718868Z,1697802340718,11.283485222850317,214
2.6226439476013184,8.031973838806152,-8.361562728881836,2023-10-20T11:45:40.739310Z,1697802340739,11.887245109451648,215
2.572436809539795,8.557442665100098,-8.552343368530273,2023-10-20T11:45:40.759604Z,1697802340759,12.36890590144474,216
2.4663567543029785,9.007360458374023,-8.665812492370605,2023-10-20T11:45:40.779686Z,1697802340779,12.740163429858436,217
2.32205867767334,9.36093044281006,-8.697469711303711,2023-10-20T11:45:40.800153Z,1697802340800,12.987107246678594,218
2.1423959732055664,9.632604598999023,-8.665149688720703,2023-10-20T11:45:40.824371Z,1697802340824,13.13246934108742,219
1.9437288045883176,9.811724662780762,-8.552310943603516,2023-10-20T11:45:40.840367Z,1697802340840,13.160168881898402,220
1.756667137145996,9.906789779663086,-8.364079475402832,2023-10-20T11:45:40.860910Z,1697802340860,13.083890424488452,221
1.6001472473144531,9.927769660949709,-8.099128723144531,2023-10-20T11:45:40.881026Z,1697802340880,12.911892492118508,222
1.4749884605407717,9.880477905273438,-7.755264759063721,2023-10-20T11:45:40.901646Z,1697802340901,12.646879697320628,223
1.3874777555465698,9.769909858703612,-7.336000442504883,2023-10-20T11:45:40.923913Z,1697802340923,12.296061794809036,224
1.3551783561706543,9.57891845703125,-6.847376823425293,2023-10-20T11:45:40.941681Z,1697802340941,11.852373456209907,225
1.3968021869659424,9.290626525878906,-6.307729721069336,2023-10-20T11:45:40.961585Z,1697802340961,11.31610585965592,226
1.5116159915924072,8.885506629943848,-5.739888668060303,2023-10-20T11:45:40.982550Z,1697802340982,10.68566951101058,227
1.669458031654358,8.351340293884277,-5.158222198486328,2023-10-20T11:45:41.002339Z,1697802341002,9.95686853748042,228
1.829277396202088,7.703475952148437,-4.583689212799072,2023-10-20T11:45:41.022689Z,1697802341022,9.148770646218852,229
1.9533634185791016,6.966741561889648,-4.02029275894165,2023-10-20T11:45:41.043468Z,1697802341043,8.277310583927749,230
2.0347957611083984,6.156577110290527,-3.473188877105713,2023-10-20T11:45:41.063404Z,1697802341063,7.355737657123778,231
2.06282901763916,5.304191589355469,-2.956064224243164,2023-10-20T11:45:41.083911Z,1697802341083,6.413113726611573,232
2.031264305114746,4.412472724914551,-2.4719338417053223,2023-10-20T11:45:41.106194Z,1697802341106,5.450358441709698,233
1.928154468536377,3.524591445922852,-2.0353446006774902,2023-10-20T11:45:41.124329Z,1697802341124,4.503682066788946,234
1.7497663497924805,2.6778955459594727,-1.636427879333496,2023-10-20T11:45:41.144398Z,1697802341144,3.5931466764099134,235
1.508988857269287,1.9257235527038568,-1.2783727645874023,2023-10-20T11:45:41.165181Z,1697802341165,2.760379593106729,236
1.2263741493225098,1.3044710159301758,-0.9597654342651368,2023-10-20T11:45:41.185217Z,1697802341185,2.031449697713079,237
0.9375414848327636,0.8305110931396484,-0.6884379386901855,2023-10-20T11:45:41.205732Z,1697802341205,1.4292233929790084,238
0.6858863830566406,0.5018539428710938,-0.4757838249206543,2023-10-20T11:45:41.225367Z,1697802341225,0.9739957692381992,239
0.5242500305175781,0.310673713684082,-0.3445405960083008,2023-10-20T11:45:41.245496Z,1697802341245,0.700046050749303,240
0.4752678871154785,0.2239637374877929,-0.2984466552734375,2023-10-20T11:45:41.266197Z,1697802341266,0.6042431019685821,241
0.5432147979736328,0.1987581253051757,-0.3291974067687988,2023-10-20T11:45:41.285965Z,1697802341285,0.6655509309854991,242
0.7193937301635742,0.200418472290039,-0.4262199401855469,2023-10-20T11:45:41.305977Z,1697802341305,0.8598594887802924,243
0.9886188507080078,0.2021224498748779,-0.5764837265014648,2023-10-20T11:45:41.326705Z,1697802341326,1.1621334706649062,244
1.3270597457885742,0.1894892454147339,-0.7692580223083496,2023-10-20T11:45:41.346857Z,1697802341346,1.5455586847176117,245
1.682673454284668,0.154140293598175,-0.97882080078125,2023-10-20T11:45:41.367748Z,1697802341367,1.952751736372772,246
2.0188798904418945,0.097262442111969,-1.1885838508605957,2023-10-20T11:45:41.388836Z,1697802341388,2.344795847233371,247
2.3245067596435547,0.0241248309612274,-1.3922066688537598,2023-10-20T11:45:41.408190Z,1697802341408,2.709640768053649,248
2.59299373626709,-0.0609907209873199,-1.58396577835083,2023-10-20T11:45:41.428069Z,1697802341428,3.039125527409729,249
2.818117141723633,-0.1519193649291992,-1.758183479309082,2023-10-20T11:45:41.448410Z,1697802341448,3.32506734741305,250
2.997256278991699,-0.244518756866455,-1.9089999198913568,2023-10-20T11:45:41.468796Z,1697802341468,3.561967899709358,251
3.127872467041016,-0.33344566822052,-2.0301241874694824,2023-10-20T11:45:41.488690Z,1697802341488,3.7438184251211903,252
3.2072973251342773,-0.4119728803634643,-2.1164021492004395,2023-10-20T11:45:41.509068Z,1697802341509,3.86466503633998,253
3.229005813598633,-0.4726769924163818,-2.16274642944336,2023-10-20T11:45:41.529367Z,1697802341529,3.915019055060086,254
3.190250396728516,-0.5113307237625122,-2.169285297393799,2023-10-20T11:45:41.549655Z,1697802341549,3.89165201481053,255
3.094815254211426,-0.526818037033081,-2.139850616455078,2023-10-20T11:45:41.569600Z,1697802341569,3.7992603704650594,256
2.955972671508789,-0.5209506750106812,-2.0822649002075195,2023-10-20T11:45:41.590178Z,1697802341590,3.65307968091816,257
2.78559684753418,-0.4966386556625366,-2.002683639526367,2023-10-20T11:45:41.610273Z,1697802341610,3.466546049213429,258
2.5945987701416016,-0.4578372240066528,-1.9065332412719729,2023-10-20T11:45:41.631217Z,1697802341631,3.252141863723266,259
0.5446038246154785,0.3165998458862304,-0.4228930473327636,2023-10-20T11:49:29.681436Z,1697802569681,0.758727433063668,260
0.6149697303771973,0.3503236770629883,-0.4652662277221679,2023-10-20T11:49:29.701622Z,1697802569701,0.8469870782071895,261
0.6881475448608398,0.3861851692199707,-0.504150390625,2023-10-20T11:49:29.722145Z,1697802569722,0.9364046373180768,262
0.7582821846008301,0.4220237731933594,-0.5354995727539062,2023-10-20T11:49:29.742562Z,1697802569742,1.0197331656090154,263
0.8208532333374023,0.4564695358276367,-0.5566778182983398,2023-10-20T11:49:29.763961Z,1697802569763,1.09181255772434,264
0.8714118003845215,0.4877281188964844,-0.5656876564025879,2023-10-20T11:49:29.782431Z,1697802569782,1.1477106640691062,265
0.9042348861694336,0.5129594802856445,-0.5603456497192383,2023-10-20T11:49:29.802982Z,1697802569802,1.180997631216948,266
0.9119186401367188,0.5280179977416992,-0.5383501052856445,2023-10-20T11:49:29.823680Z,1697802569823,1.183308686703947,267
0.8916606903076172,0.531064510345459,-0.5008044242858887,2023-10-20T11:49:29.843106Z,1697802569843,1.1523425585183595,268
0.846099853515625,0.5229763984680176,-0.4518489837646484,2023-10-20T11:49:29.864029Z,1697802569863,1.0925002423811567,269
0.7833490371704102,0.5077090263366699,-0.3978228569030761,2023-10-20T11:49:29.883775Z,1697802569883,1.0147251819749343,270
0.7135710716247559,0.4908361434936523,-0.3451213836669922,2023-10-20T11:49:29.904721Z,1697802569904,0.9323156994729,271
0.6502532958984375,0.4818782806396484,-0.3009343147277832,2023-10-20T11:49:29.924779Z,1697802569924,0.8634798711954351,272
0.6138582229614258,0.4985322952270508,-0.2748568058013916,2023-10-20T11:49:29.947825Z,1697802569947,0.8371992779362956,273
0.6238245964050293,0.5648136138916016,-0.2756810188293457,2023-10-20T11:49:29.965295Z,1697802569965,0.8855346236370292,274
0.6945366859436035,0.7109842300415039,-0.3117694854736328,2023-10-20T11:49:29.984918Z,1697802569984,1.041671731190651,275
0.8275485038757324,0.9661688804626464,-0.391918420791626,2023-10-20T11:49:30.005647Z,1697802570005,1.3311344336306563,276
1.005943775177002,1.3379111289978027,-0.5231263637542725,2023-10-20T11:49:30.025893Z,1697802570025,1.7537360862935738,277
1.2020001411437988,1.7947063446044922,-0.7100679874420166,2023-10-20T11:49:30.047708Z,1697802570047,2.273757187886008,278
1.3887524604797363,2.2635889053344727,-0.9498245716094972,2023-10-20T11:49:30.066598Z,1697802570066,2.8203962213978024,279
1.5438575744628906,2.6598219871521,-1.2245428562164309,2023-10-20T11:49:30.086037Z,1697802570085,3.3102347983602134,280
1.6610336303710938,2.9263925552368164,-1.5050091743469238,2023-10-20T11:49:30.106944Z,1697802570106,3.686171282433529,281
1.7476835250854492,3.060601234436035,-1.7757835388183594,2023-10-20T11:49:30.127289Z,1697802570127,3.946528195366751,282
1.804762363433838,3.0667591094970703,-2.011922836303711,2023-10-20T11:49:30.147533Z,1697802570147,4.087788170073264,283
1.8629865646362305,2.986208915710449,-2.23549222946167,2023-10-20T11:49:30.167498Z,1697802570167,4.169602875126981,284
1.909053325653076,2.8203558921813965,-2.423044204711914,2023-10-20T11:49:30.188469Z,1697802570188,4.179717116831878,285
1.9501914978027344,2.5841641426086426,-2.57302188873291,2023-10-20T11:49:30.208456Z,1697802570208,4.135407215008578,286
1.978043556213379,2.298281669616699,-2.671924591064453,2023-10-20T11:49:30.230777Z,1697802570230,4.041526439788355,287
1.9844465255737305,1.9929299354553225,-2.7112417221069336,2023-10-20T11:49:30.249164Z,1697802570249,3.9064855581697695,288
1.978739738464356,1.7111167907714844,-2.705716133117676,2023-10-20T11:49:30.269050Z,1697802570269,3.7635397456718,289
1.9795727729797363,1.487504243850708,-2.6921215057373047,2023-10-20T11:49:30.289540Z,1697802570289,3.657717244491411,290
2.003997325897217,1.3366131782531738,-2.712090015411377,2023-10-20T11:49:30.309328Z,1697802570309,3.627391944934725,291
2.0554256439208984,1.24025559425354,-2.7727279663085938,2023-10-20T11:49:30.330313Z,1697802570330,3.66756443595946,292
2.13840389251709,1.1800224781036377,-2.886007308959961,2023-10-20T11:49:30.349837Z,1697802570349,3.780775375995301,293
2.206899642944336,1.1195135116577148,-2.9885501861572266,2023-10-20T11:49:30.370141Z,1697802570370,3.8800964874590966,294
2.27463960647583,1.052743673324585,-3.096102714538574,2023-10-20T11:49:30.390878Z,1697802570390,3.9834792079345145,295
2.32624626159668,0.970933437347412,-3.188225746154785,2023-10-20T11:49:30.413489Z,1697802570413,4.064347034616511,296
2.374866485595703,0.8695404529571533,-3.2769808769226074,2023-10-20T11:49:30.430799Z,1697802570430,4.13940757735344,297
2.4270095825195312,0.7414301633834839,-3.3636035919189453,2023-10-20T11:49:30.451206Z,1697802570451,4.213540473804248,298
2.470026016235352,0.5754841566085815,-3.426727294921875,2023-10-20T11:49:30.471651Z,1697802570471,4.26317610346436,299
2.4984655380249023,0.3653410673141479,-3.446059226989746,2023-10-20T11:49:30.492190Z,1697802570492,4.272133932367462,300
2.5108861923217773,0.114460289478302,-3.40644645690918,2023-10-20T11:49:30.514157Z,1697802570514,4.23338258281114,301
2.503346920013428,-0.1579897403717041,-3.3008718490600586,2023-10-20T11:49:30.532623Z,1697802570532,4.14577634755188,302
2.462226867675781,-0.4189057350158691,-3.1166763305664062,2023-10-20T11:49:30.552725Z,1697802570552,3.9939597534585336,303
2.3680219650268555,-0.6271275281906128,-2.8423514366149902,2023-10-20T11:49:30.573450Z,1697802570573,3.752303113114853,304
2.2206764221191406,-0.7529726028442383,-2.495277404785156,2023-10-20T11:49:30.593150Z,1697802570593,3.424146731555357,305
2.026068687438965,-0.7872040271759033,-2.1103997230529785,2023-10-20T11:49:30.613841Z,1697802570613,3.0295926289989383,306
1.7877521514892578,-0.7412734031677246,-1.7114381790161133,2023-10-20T11:49:30.633930Z,1697802570633,2.583517883428005,307
1.5201358795166016,-0.6370992660522461,-1.3329877853393557,2023-10-20T11:49:30.654058Z,1697802570654,2.119803057565005,308
1.182394027709961,-0.4799830913543701,-0.947547435760498,2023-10-20T11:49:30.674311Z,1697802570674,1.5894293151211778,309
0.8069448471069336,-0.3023827075958252,-0.5916056632995605,2023-10-20T11:49:30.696742Z,1697802570696,1.0452715192587654,310
0.3933639526367187,-0.1281445026397705,-0.2650356292724609,2023-10-20T11:49:30.714567Z,1697802570714,0.4913248391590091,311
-0.0036888122558593,0.0009675025939941,0.0023036003112792,2023-10-20T11:49:30.735173Z,1697802570735,0.0044553306860982,312
-0.3135700225830078,0.0603084564208984,0.1839966773986816,2023-10-20T11:49:30.755351Z,1697802570755,0.3685350000642191,313
-0.502922534942627,0.0645414590835571,0.282867431640625,2023-10-20T11:49:30.775381Z,1697802570775,0.5806123146960595,314
-0.5886492729187012,0.0474542379379272,0.3227734565734863,2023-10-20T11:49:30.796822Z,1697802570796,0.6730100857152003,315
-0.6123418807983398,0.032685250043869,0.3289136886596679,2023-10-20T11:49:30.816331Z,1697802570816,0.6958556740717053,316
-0.6063909530639648,0.0252354741096496,0.318730354309082,2023-10-20T11:49:30.836255Z,1697802570836,0.6855186765284774,317
-0.5960426330566406,0.0230429768562316,0.3034167289733886,2023-10-20T11:49:30.856736Z,1697802570856,0.6692230649226018,318
-0.5297441482543945,0.0200602114200592,0.2604169845581054,2023-10-20T11:49:30.880494Z,1697802570880,0.5906337956283301,319
-0.4382276535034179,0.0155092775821685,0.2069494724273681,2023-10-20T11:49:30.897194Z,1697802570897,0.4848835923437691,320
-0.3019237518310547,0.0091584622859954,0.1366169452667236,2023-10-20T11:49:30.917635Z,1697802570917,0.3315207672004806,321
-0.140756607055664,0.0029956847429275,0.060784101486206,2023-10-20T11:49:30.937548Z,1697802570937,0.1533496121624929,322
0.0312013626098632,-0.0002393722534179,-0.0127861499786376,2023-10-20T11:49:30.958047Z,1697802570957,0.0337204382988135,323
0.2281837463378906,0.0024681761860847,-0.0880992412567138,2023-10-20T11:49:30.979964Z,1697802570979,0.2446127353522073,324
0.447453498840332,0.015537142753601,-0.1620764732360839,2023-10-20T11:49:30.998261Z,1697802570998,0.476156297454993,325
0.6778945922851562,0.0432738065719604,-0.2300000190734863,2023-10-20T11:49:31.018363Z,1697802571018,0.7171566839669625,326
0.9065113067626952,0.0878966450691223,-0.2880899906158447,2023-10-20T11:49:31.039494Z,1697802571039,0.9552404996628096,327
1.1167888641357422,0.1481654644012451,-0.3330240249633789,2023-10-20T11:49:31.059033Z,1697802571058,1.1747660929315449,328
1.2985286712646484,0.2202856540679931,-0.3644580841064453,2023-10-20T11:49:31.080104Z,1697802571080,1.3665768088750216,329
1.4460630416870115,0.2991195917129516,-0.3837738037109375,2023-10-20T11:49:31.099797Z,1697802571099,1.5257303769324302,330
1.555680274963379,0.3791511058807373,-0.3928079605102539,2023-10-20T11:49:31.120128Z,1697802571120,1.6486948695380068,331
1.6266803741455078,0.4550905227661133,-0.3933115005493164,2023-10-20T11:49:31.140669Z,1697802571140,1.7343270625825045,332
1.6590003967285156,0.5219886302947998,-0.3864214420318603,2023-10-20T11:49:31.163667Z,1697802571163,1.7815936622486048,333
1.6546249389648438,0.5757651329040527,-0.3725395202636719,2023-10-20T11:49:31.180865Z,1697802571180,1.7911099550476297,334
1.615434646606445,0.6133780479431152,-0.3521535396575928,2023-10-20T11:49:31.201178Z,1697802571201,1.7634834398565722,335
1.544330596923828,0.6334881782531738,-0.3262438774108886,2023-10-20T11:49:31.221434Z,1697802571221,1.7007937359155938,336
1.4419317245483398,0.6351847648620605,-0.2963221073150635,2023-10-20T11:49:31.241475Z,1697802571241,1.6032571768295505,337
1.3129310607910156,0.6194748878479004,-0.2643330097198486,2023-10-20T11:49:31.263104Z,1697802571263,1.4756046377981955,338
1.1681604385375977,0.5891509056091309,-0.232614517211914,2023-10-20T11:49:31.281957Z,1697802571281,1.328836751960956,339
0.7845802307128906,0.6260027885437012,-0.2589349746704101,2023-10-20T11:53:04.186812Z,1697802784186,1.036577517987704,340
0.7694931030273438,0.566169261932373,-0.2487344741821289,2023-10-20T11:53:04.208500Z,1697802784208,0.9871859538153684,341
0.7732076644897461,0.5258746147155762,-0.2502305507659912,2023-10-20T11:53:04.227743Z,1697802784227,0.9679925265024492,342
0.7922563552856445,0.5013394355773926,-0.2621564865112304,2023-10-20T11:53:04.248042Z,1697802784248,0.9735180458396572,343
0.8300018310546875,0.4926338195800781,-0.2848482131958008,2023-10-20T11:53:04.268098Z,1697802784268,1.0063446846429067,344
0.8718757629394531,0.4901838302612304,-0.3134183883666992,2023-10-20T11:53:04.288583Z,1697802784288,1.0481787154952171,345
0.9225168228149414,0.4953336715698242,-0.3485965728759765,2023-10-20T11:53:04.310002Z,1697802784309,1.1035906420354844,346
0.9652891159057616,0.4974088668823242,-0.3825511932373047,2023-10-20T11:53:04.329026Z,1697802784328,1.1513227495305434,347
1.0014610290527344,0.4971599578857422,-0.4159402847290039,2023-10-20T11:53:04.349574Z,1697802784349,1.192936937518811,348
1.033583641052246,0.4946622848510742,-0.4479794502258301,2023-10-20T11:53:04.369580Z,1697802784369,1.230313580730352,349
1.0482501983642578,0.4836792945861816,-0.4721870422363281,2023-10-20T11:53:04.392009Z,1697802784391,1.2472909609381382,350
0.5352048873901367,0.5343642234802246,-0.2270572185516357,2023-10-20T11:53:14.137036Z,1697802794136,0.7896482605048387,351
0.534975528717041,0.5060086250305176,-0.2269809246063232,2023-10-20T11:53:14.157390Z,1697802794157,0.7705607601393247,352
0.5513076782226562,0.4918699264526367,-0.2339460849761963,2023-10-20T11:53:14.178943Z,1697802794178,0.7749883555844357,353
0.581611156463623,0.4874544143676758,-0.2470045089721679,2023-10-20T11:53:14.197548Z,1697802794197,0.7980567466427864,354
0.6208324432373047,0.4866533279418945,-0.2643499374389648,2023-10-20T11:53:14.219016Z,1697802794218,0.8319526871144217,355
0.6603164672851562,0.4818148612976074,-0.2826287746429443,2023-10-20T11:53:14.237566Z,1697802794237,0.8648944570242971,356
0.6895885467529297,0.4657998085021972,-0.2974326610565185,2023-10-20T11:53:14.258055Z,1697802794258,0.8837239463071389,357
0.7003512382507324,0.4349608421325683,-0.3050520420074463,2023-10-20T11:53:14.278554Z,1697802794278,0.8790560502271286,358
0.6871461868286133,0.3890252113342285,-0.3028426170349121,2023-10-20T11:53:14.298785Z,1697802794298,0.8457092572623874,359
0.6468000411987305,0.3301963806152344,-0.2891550064086914,2023-10-20T11:53:14.319234Z,1697802794319,0.7816588519279306,360
0.578007698059082,0.2622861862182617,-0.2630341053009033,2023-10-20T11:53:14.338888Z,1697802794338,0.6870763298556619,361
0.4823942184448242,0.1907095909118652,-0.2244176864624023,2023-10-20T11:53:14.359370Z,1697802794359,0.5651881350947673,362
0.3660602569580078,0.1223182678222656,-0.1748337745666504,2023-10-20T11:53:14.380086Z,1697802794380,0.4237082948166398,363
0.2393350601196289,0.0644214153289794,-0.1178488731384277,2023-10-20T11:53:14.401858Z,1697802794401,0.274444432728107,364
0.1188211441040039,0.0237692594528198,-0.0605940818786621,2023-10-20T11:53:14.420352Z,1697802794420,0.1354809386586833,365
0.02569580078125,0.0032917261123657,-0.0136332511901855,2023-10-20T11:53:14.440428Z,1697802794440,0.029274138357998,366
-0.0220060348510742,-0.0012578964233398,0.0122075080871582,2023-10-20T11:53:14.460976Z,1697802794460,0.0251966491219879,367
-0.0274868011474609,0.0002147033810615,0.0160331726074218,2023-10-20T11:53:14.481215Z,1697802794481,0.0318218943295536,368
-0.0291967391967773,0.0018488764762878,0.018045425415039,2023-10-20T11:53:14.501826Z,1697802794501,0.0343730316143184,369
-0.0738859176635742,0.0079637169837951,0.0488834381103515,2023-10-20T11:53:14.521335Z,1697802794521,0.0889502115718395,370
-0.1725039482116699,0.0241142511367797,0.1230754852294921,2023-10-20T11:53:14.542049Z,1697802794542,0.2132760753600297,371
-0.3076601028442383,0.0487090349197387,0.2370538711547851,2023-10-20T11:53:14.562012Z,1697802794561,0.3914356227969154,372
-0.4466657638549804,0.0719540119171142,0.3699479103088379,2023-10-20T11:53:14.582237Z,1697802794582,0.584422057055513,373
-0.5794253349304199,0.0851985216140747,0.5123038291931152,2023-10-20T11:53:14.602465Z,1697802794602,0.778105211555855,374
-0.710392951965332,0.0813074707984924,0.667515754699707,2023-10-20T11:53:14.622785Z,1697802794622,0.9781852246798588,375
-0.8402214050292969,0.0514309406280517,0.8350214958190918,2023-10-20T11:53:14.643071Z,1697802794643,1.1856972841342115,376
-0.9647860527038574,-0.0107612088322639,1.0077481269836426,2023-10-20T11:53:14.663764Z,1697802794663,1.3951645847520864,377
-1.0780677795410156,-0.1054825186729431,1.1713972091674805,2023-10-20T11:53:14.685447Z,1697802794685,1.5954711281234286,378
-1.1643152236938477,-0.2252827882766723,1.291734218597412,2023-10-20T11:53:14.704033Z,1697802794704,1.7535562626600931,379
-1.2086730003356934,-0.3500009775161743,1.329798698425293,2023-10-20T11:53:14.724772Z,1697802794724,1.830780075360328,380
-1.2046656608581543,-0.454211950302124,1.276105880737305,2023-10-20T11:53:14.744610Z,1697802794744,1.8127255912300697,381
-1.1489734649658203,-0.5214638710021973,1.147801399230957,2023-10-20T11:53:14.764731Z,1697802794764,1.705729358378023,382
-1.051985740661621,-0.5511355400085449,0.9816994667053224,2023-10-20T11:53:14.786305Z,1697802794786,1.5408303686471798,383
-0.9166522026062012,-0.5424401760101318,0.7947630882263184,2023-10-20T11:53:14.805404Z,1697802794805,1.328962366472331,384
-0.7449164390563965,-0.4892678260803222,0.5948734283447266,2023-10-20T11:53:14.826103Z,1697802794826,1.0715213028980968,385
-0.5429720878601074,-0.3896594047546386,0.396085262298584,2023-10-20T11:53:14.846372Z,1697802794846,0.7768762288286607,386
-0.3148317337036133,-0.2439351081848144,0.2083368301391601,2023-10-20T11:53:14.869512Z,1697802794869,0.4494747961169716,387
-0.0594935417175293,-0.0494012832641601,0.0355606079101562,2023-10-20T11:53:14.886114Z,1697802794886,0.0851147762094282,388
0.2194924354553222,0.1944708824157714,-0.1182949542999267,2023-10-20T11:53:14.906218Z,1697802794906,0.3162112419609703,389
0.5124764442443848,0.4829902648925781,-0.2489309310913086,2023-10-20T11:53:14.927225Z,1697802794927,0.7469125185323624,390
0.8018860816955566,0.8012223243713379,-0.3508753776550293,2023-10-20T11:53:14.947460Z,1697802794947,1.1866305371650527,391
1.066608428955078,1.1230964660644531,-0.4192445278167724,2023-10-20T11:53:14.968066Z,1697802794968,1.6046074868667388,392
1.295091152191162,1.4223175048828125,-0.4542953968048095,2023-10-20T11:53:14.987799Z,1697802794987,1.9765202970720892,393
1.501021385192871,1.6908817291259766,-0.464857816696167,2023-10-20T11:53:15.008465Z,1697802795008,2.308297859991623,394
1.710474967956543,1.9304986000061035,-0.4617040157318115,2023-10-20T11:53:15.028738Z,1697802795028,2.6202519075032358,395
1.929004192352295,2.130117893218994,-0.451662540435791,2023-10-20T11:53:15.048515Z,1697802795048,2.9090305023422096,396
2.1447014808654785,2.277189254760742,-0.439793586730957,2023-10-20T11:53:15.068477Z,1697802795068,3.15891654574065,397
2.328109741210937,2.354700088500977,-0.4258042573928833,2023-10-20T11:53:15.089102Z,1697802795089,3.338565071931603,398
2.469871997833252,2.364978790283203,-0.4107192754745483,2023-10-20T11:53:15.109540Z,1697802795109,3.444137437358817,399
2.5773072242736816,2.316720962524414,-0.3949974775314331,2023-10-20T11:53:15.129808Z,1697802795129,3.487940875896487,400
2.6538305282592773,2.217341899871826,-0.3811259269714355,2023-10-20T11:53:15.152375Z,1697802795152,3.479177854875768,401
2.707209587097168,2.086687564849853,-0.3730051517486572,2023-10-20T11:53:15.169914Z,1697802795169,3.4383690297873595,402
2.7393174171447754,1.943720817565918,-0.372967004776001,2023-10-20T11:53:15.190157Z,1697802795190,3.37949921070614,403
2.723897933959961,1.7870535850524902,-0.3771224021911621,2023-10-20T11:53:15.210953Z,1697802795210,3.2795429219198726,404
2.622332572937012,1.6083760261535645,-0.3783342838287353,2023-10-20T11:53:15.231178Z,1697802795231,3.099457758207423,405
2.431085586547852,1.4131431579589844,-0.3707786798477173,2023-10-20T11:53:15.252739Z,1697802795252,2.836305262738237,406
2.17716121673584,1.2121334075927734,-0.352278470993042,2023-10-20T11:53:15.271401Z,1697802795271,2.516624422234344,407
1.9082069396972656,1.022322177886963,-0.3272703886032104,2023-10-20T11:53:15.291726Z,1697802795291,2.189406830026079,408
1.6455459594726562,0.8488254547119141,-0.2989588975906372,2023-10-20T11:53:15.312241Z,1697802795312,1.8755539394409009,409
1.3910446166992188,0.6925845146179199,-0.2692716121673584,2023-10-20T11:53:15.335663Z,1697802795335,1.577081366529839,410
1.1583852767944336,0.5601067543029785,-0.2399232387542724,2023-10-20T11:53:15.352825Z,1697802795352,1.3088694305408288,411
0.9584665298461914,0.4535627365112304,-0.2122623920440673,2023-10-20T11:53:15.372762Z,1697802795372,1.0814030552311311,412
0.7947378158569336,0.3709702491760254,-0.1869006156921386,2023-10-20T11:53:15.393057Z,1697802795393,0.8967491075394902,413
0.6684608459472656,0.3104410171508789,-0.1650586128234863,2023-10-20T11:53:15.413497Z,1697802795413,0.75528661669688,414
0.575927734375,0.2686433792114258,-0.1473283767700195,2023-10-20T11:53:15.436609Z,1697802795436,0.6523554790282238,415
0.5120706558227539,0.2421841621398925,-0.1338739395141601,2023-10-20T11:53:15.453302Z,1697802795453,0.5820582072500894,416
0.4688081741333008,0.2267360687255859,-0.1235406398773193,2023-10-20T11:53:15.473867Z,1697802795473,0.5352127041622148,417
0.4382534027099609,0.2181038856506347,-0.1148302555084228,2023-10-20T11:53:15.494609Z,1697802795494,0.5028134221586511,418
0.4112520217895508,0.2114167213439941,-0.1057417392730712,2023-10-20T11:53:15.514584Z,1697802795514,0.4743485753265539,419
0.3792133331298828,0.2018399238586425,-0.0944950580596923,2023-10-20T11:53:15.534825Z,1697802795534,0.4398538653739929,420
0.3352899551391601,0.1850347518920898,-0.0800724029541015,2023-10-20T11:53:15.555479Z,1697802795555,0.3912400837591047,421
0.277684211730957,0.1589612960815429,-0.0629417896270752,2023-10-20T11:53:15.575672Z,1697802795575,0.3260964335561275,422
0.209299087524414,0.1242032051086425,-0.0446832180023193,2023-10-20T11:53:15.595806Z,1697802795595,0.2474452144795987,423
0.1337671279907226,0.0822396278381347,-0.0267908573150634,2023-10-20T11:53:15.618964Z,1697802795618,0.1592945415057193,424
0.0556764602661132,0.0354671478271484,-0.0104603767395019,2023-10-20T11:53:15.636081Z,1697802795636,0.0668371624494127,425
-0.019536018371582,-0.0129055976867675,0.0034574270248413,2023-10-20T11:53:15.656425Z,1697802795656,0.0236677896538648,426
-0.0847105979919433,-0.0580573081970214,0.0142544507980346,2023-10-20T11:53:15.676962Z,1697802795676,0.1036808845197134,427
-0.1327652931213379,-0.0944528579711914,0.0215638875961303,2023-10-20T11:53:15.697270Z,1697802795697,0.1643562188807572,428
-0.1595416069030761,-0.1179122924804687,0.0254994630813598,2023-10-20T11:53:15.717976Z,1697802795717,0.2000176383938498,429
-0.1645011901855468,-0.1264252662658691,0.0264464616775512,2023-10-20T11:53:15.737140Z,1697802795737,0.2091492406348144,430
-0.1494569778442382,-0.1195693016052246,0.0247000455856323,2023-10-20T11:53:15.757594Z,1697802795757,0.1929878192130959,431
-0.1179399490356445,-0.0983214378356933,0.0204381942749023,2023-10-20T11:53:15.778195Z,1697802795778,0.154902086822054,432
-0.0731902122497558,-0.0636076927185058,0.013543963432312,2023-10-20T11:53:15.798098Z,1697802795798,0.0979090633577503,433
-0.0205755233764648,-0.0186257362365722,0.0041241645812988,2023-10-20T11:53:15.818704Z,1697802795818,0.0280584915143962,434
0.0352301597595214,0.0331459045410156,-0.0077307224273681,2023-10-20T11:53:15.838919Z,1697802795838,0.0489855000359548,435
0.0904154777526855,0.0881247520446777,-0.0218461751937866,2023-10-20T11:53:15.859602Z,1697802795859,0.1281334691280147,436
0.1419124603271484,0.1427893638610839,-0.0378558635711669,2023-10-20T11:53:15.879372Z,1697802795879,0.2048438801494355,437
0.1865472793579101,0.1931195259094238,-0.0549554824829101,2023-10-20T11:53:15.900398Z,1697802795900,0.2740714209439726,438
0.2219805717468261,0.2356715202331543,-0.07218599319458,2023-10-20T11:53:15.919825Z,1697802795919,0.3317035684094185,439
0.2484550476074218,0.2696084976196289,-0.0890586376190185,2023-10-20T11:53:15.940150Z,1697802795940,0.377293113646241,440
0.2674922943115234,0.295687198638916,-0.10540771484375,2023-10-20T11:53:15.960651Z,1697802795960,0.4124243364588876,441
0.2816696166992187,0.3162117004394531,-0.1215395927429199,2023-10-20T11:53:15.980668Z,1697802795980,0.4405672310447181,442
0.2923502922058105,0.332672119140625,-0.1374249458312988,2023-10-20T11:53:16.001642Z,1697802796001,0.4637079338797993,443
0.3011140823364258,0.3470191955566406,-0.153311014175415,2023-10-20T11:53:16.020822Z,1697802796020,0.4843514010855962,444
0.3086953163146972,0.3602967262268066,-0.1692123413085937,2023-10-20T11:53:16.041283Z,1697802796041,0.503725466594177,445
0.3159656524658203,0.3735909461975097,-0.1853654384613037,2023-10-20T11:53:16.061896Z,1697802796061,0.5232254145154396,446
0.3237175941467285,0.3877668380737304,-0.2020435333251953,2023-10-20T11:53:16.084760Z,1697802796084,0.5440384093318908,447
0.3324356079101562,0.4031457901000976,-0.2192106246948242,2023-10-20T11:53:16.102240Z,1697802796102,0.5666509149918688,448
0.3411397933959961,0.4179263114929199,-0.2355005741119384,2023-10-20T11:53:16.122492Z,1697802796122,0.5886418952838751,449
0.3472895622253418,0.4281001091003418,-0.247962474822998,2023-10-20T11:53:16.142973Z,1697802796142,0.6044544088372092,450
0.3492212295532226,0.4307222366333008,-0.2539882659912109,2023-10-20T11:53:16.163568Z,1697802796163,0.609907494266368,451
0.3461408615112304,0.424314022064209,-0.2519741058349609,2023-10-20T11:53:16.185155Z,1697802796185,0.6027825771697212,452
0.3383994102478027,0.4092493057250976,-0.2419390678405761,2023-10-20T11:53:16.204081Z,1697802796203,0.5835526262815565,453
0.3268499374389648,0.3868598937988281,-0.225029706954956,2023-10-20T11:53:16.224510Z,1697802796224,0.5541929519996885,454
0.3126301765441894,0.3589224815368652,-0.2029409408569336,2023-10-20T11:53:16.244160Z,1697802796244,0.5174437172432668,455
0.2976584434509277,0.3280596733093261,-0.1777369976043701,2023-10-20T11:53:16.268567Z,1697802796268,0.4772987937622164,456
0.2847375869750976,0.2979202270507812,-0.151857852935791,2023-10-20T11:53:16.285066Z,1697802796285,0.4391955858392233,457
0.277923583984375,0.2730984687805176,-0.1279234886169433,2023-10-20T11:53:16.305086Z,1697802796305,0.41010817002946,458
0.2846488952636719,0.2602486610412597,-0.1087629795074462,2023-10-20T11:53:16.325759Z,1697802796325,0.4007290167431533,459
0.1213846206665039,0.2076129913330078,-0.0023962408304214,2023-10-20T11:57:03.225910Z,1697803023225,0.2405059713909573,460
0.1166720390319824,0.2029190063476562,-0.0012614578008651,2023-10-20T11:57:03.243105Z,1697803023243,0.2340728072732583,461
0.1114249229431152,0.1971187591552734,-0.0003252662718296,2023-10-20T11:57:03.263940Z,1697803023263,0.2264319422297601,462
0.1052737236022949,0.1893997192382812,0.0004041139036417,2023-10-20T11:57:03.283964Z,1697803023283,0.2166909639017724,463
0.0980334281921386,0.1792364120483398,0.0009163580834865,2023-10-20T11:57:03.304435Z,1697803023304,0.2042965593425464,464
0.0897121429443359,0.1664361953735351,0.0012285932898521,2023-10-20T11:57:03.326090Z,1697803023326,0.1890787803100981,465
0.0806503295898437,0.1515130996704101,0.00134739279747,2023-10-20T11:57:03.345120Z,1697803023345,0.1716464695297771,466
0.0712480545043945,0.1352128982543945,0.0013018921017646,2023-10-20T11:57:03.365048Z,1697803023364,0.1528414474154803,467
0.0617561340332031,0.1181221008300781,0.0011223703622817,2023-10-20T11:57:03.385022Z,1697803023384,0.133296325945122,468
0.0519852638244628,0.100015640258789,0.0008482709527015,2023-10-20T11:57:03.405456Z,1697803023405,0.1127222937793748,469
0.0414280891418457,0.0800247192382812,0.0005316063761711,2023-10-20T11:57:03.425961Z,1697803023425,0.0901139548818585,470
0.0299644470214843,0.0580120086669921,0.0002315379679203,2023-10-20T11:57:03.445482Z,1697803023445,0.0652940643911304,471
0.0181002616882324,0.0350599288940429,1.4316989108920096e-05,2023-10-20T11:57:03.466593Z,1697803023466,0.0394565367488584,472
0.0064301490783691,0.0124406814575195,-5.129724740982056e-05,2023-10-20T11:57:03.486880Z,1697803023486,0.0140042851907947,473
-0.0040559768676757,-0.0078248977661132,7.808953523635864e-05,2023-10-20T11:57:03.509286Z,1697803023509,0.0088139702391576,474
-0.0118165016174316,-0.0226964950561523,0.0003906339406967,2023-10-20T11:57:03.526924Z,1697803023526,0.0255912718164676,475
-0.0152859687805175,-0.0291719436645507,0.0007551908493041,2023-10-20T11:57:03.547634Z,1697803023547,0.0329428816581905,476
-0.0134902000427246,-0.0255203247070312,0.0009191632270812,2023-10-20T11:57:03.567728Z,1697803023567,0.0288810895117038,477
-0.0062770843505859,-0.0117464065551757,0.0005539655685424,2023-10-20T11:57:03.588280Z,1697803023588,0.0133299187077407,478
0.0058827400207519,0.0108661651611328,-0.0006423592567443,2023-10-20T11:57:03.609596Z,1697803023609,0.0123730675612597,479
0.0225758552551269,0.041055679321289,-0.0029329657554626,2023-10-20T11:57:03.628746Z,1697803023628,0.0469450778373587,480
0.0431857109069824,0.0771875381469726,-0.0064753293991088,2023-10-20T11:57:03.648814Z,1697803023648,0.0886839983455796,481
0.0666451454162597,0.1168575286865234,-0.0112411379814147,2023-10-20T11:57:03.668927Z,1697803023668,0.1349948910195983,482
0.0921311378479003,0.158238410949707,-0.0171225666999816,2023-10-20T11:57:03.692681Z,1697803023692,0.1839041151019532,483
0.1189866065979003,0.1999025344848632,-0.0239683389663696,2023-10-20T11:57:03.709873Z,1697803023709,0.2338660238597351,484
0.1461796760559082,0.2399988174438476,-0.0314959287643432,2023-10-20T11:57:03.729458Z,1697803023729,0.2827718578553816,485
0.1725106239318847,0.2766866683959961,-0.0393475294113159,2023-10-20T11:57:03.750010Z,1697803023749,0.328426028061447,486
0.1970472335815429,0.3087711334228515,-0.047215461730957,2023-10-20T11:57:03.770276Z,1697803023770,0.3693190015743016,487
0.2192788124084472,0.3358783721923828,-0.0548962354660034,2023-10-20T11:57:03.792746Z,1697803023792,0.404859327601826,488
0.2392849922180175,0.358586311340332,-0.0623705387115478,2023-10-20T11:57:03.810329Z,1697803023810,0.4355818341949201,489
0.2571988105773926,0.3775339126586914,-0.0696610212326049,2023-10-20T11:57:03.830412Z,1697803023830,0.4620992763995366,490
0.2736296653747558,0.3939228057861328,-0.0769031047821044,2023-10-20T11:57:03.851115Z,1697803023851,0.485759671253849,491
0.2895255088806152,0.4092850685119629,-0.0843203067779541,2023-10-20T11:57:03.871349Z,1697803023871,0.5083789941908986,492
0.3057169914245605,0.4248552322387695,-0.0920832157135009,2023-10-20T11:57:03.892144Z,1697803023892,0.5314547636652461,493
0.3223371505737304,0.4408788681030273,-0.1001349687576294,2023-10-20T11:57:03.912380Z,1697803023912,0.555249877935952,494
0.3389301300048828,0.4568538665771484,-0.1082649230957031,2023-10-20T11:57:03.932394Z,1697803023932,0.5790599122755228,495
0.3546872138977051,0.4718136787414551,-0.1161334514617919,2023-10-20T11:57:03.952659Z,1697803023952,0.6015797085162445,496
0.3686776161193847,0.484598159790039,-0.1233346462249755,2023-10-20T11:57:03.975742Z,1697803023975,0.621264835685076,497
0.380096435546875,0.4942760467529297,-0.1294836997985839,2023-10-20T11:57:03.992649Z,1697803023992,0.6368266162957339,498
1.9169282913208008,1.1389555931091309,-0.2319549322128296,2023-10-20T11:57:24.277837Z,1697803044277,2.241793257131111,499
1.8886289596557613,1.0835576057434082,-0.208644151687622,2023-10-20T11:57:24.297713Z,1697803044297,2.187361153135951,500
1.8125581741333008,1.0041308403015137,-0.1861950159072876,2023-10-20T11:57:24.318223Z,1697803044318,2.0804601565545022,501
1.6856184005737305,0.900083065032959,-0.1648091077804565,2023-10-20T11:57:24.338692Z,1697803044338,1.9179731380598783,502
1.5031862258911133,0.7698507308959961,-0.1436176896095276,2023-10-20T11:57:24.361219Z,1697803044361,1.6949528071125306,503
1.2618818283081057,0.6142387390136719,-0.1216218471527099,2023-10-20T11:57:24.378289Z,1697803044378,1.4086968626443912,504
0.9568748474121094,0.4366965293884277,-0.0969863533973693,2023-10-20T11:57:24.398935Z,1697803044398,1.0562763299133258,505
0.5834522247314453,0.2446906566619873,-0.0656226873397827,2023-10-20T11:57:24.419920Z,1697803044419,0.6360788890502831,506
0.1378135681152343,0.0514311790466308,-0.018243670463562,2023-10-20T11:57:24.439585Z,1697803044439,0.1482247524766425,507
-0.3760356903076172,-0.1179943084716796,0.0617915391921997,2023-10-20T11:57:24.461223Z,1697803044461,0.3989281784138307,508
-0.9288406372070312,-0.2188892364501953,0.1964302062988281,2023-10-20T11:57:24.480240Z,1697803044480,0.97429064098323,509
-1.452281475067139,-0.1924765110015869,0.4030046463012695,2023-10-20T11:57:24.500833Z,1697803044500,1.519401670082977,510
-1.8282999992370603,0.0039366316050291,0.6711890697479248,2023-10-20T11:57:24.521092Z,1697803044521,1.9476116531864645,511
-1.912147521972656,0.3364678621292114,0.93286395072937,2023-10-20T11:57:24.540387Z,1697803044540,2.1540088018860044,512
-1.6224546432495115,0.6458351612091064,1.055910587310791,2023-10-20T11:57:24.561611Z,1697803044561,2.040688436104569,513
-1.0478367805480957,0.7124531269073486,0.9136734008789062,2023-10-20T11:57:24.581326Z,1697803044581,1.5621621107244543,514
-0.4046635627746582,0.4196004867553711,0.4760031700134277,2023-10-20T11:57:24.601745Z,1697803044601,0.7525929745789927,515
0.1210708618164062,-0.1803717613220214,-0.1938166618347168,2023-10-20T11:57:24.621989Z,1697803044621,0.2911305965853272,516
0.454395055770874,-0.9310684204101562,-0.9884824752807616,2023-10-20T11:57:24.644501Z,1697803044644,1.431943041510821,517
0.6191878318786621,-1.6630711555480957,-1.787545680999756,2023-10-20T11:57:24.662208Z,1697803044662,2.518832825183831,518
0.6823952198028564,-2.260068893432617,-2.4919118881225586,2023-10-20T11:57:24.682515Z,1697803044682,3.432666528697196,519
0.694932222366333,-2.664365768432617,-3.0343732833862305,2023-10-20T11:57:24.703451Z,1697803044703,4.097462259082648,520
0.6840934753417969,-2.893148422241211,-3.415300369262696,2023-10-20T11:57:24.723072Z,1697803044723,4.527976180194407,521
0.6451747417449951,-2.965688705444336,-3.6521496772766113,2023-10-20T11:57:24.744322Z,1697803044744,4.748658464263089,522
0.5874489545822144,-2.8940958976745605,-3.7456326484680176,2023-10-20T11:57:24.764130Z,1697803044764,4.769764278918403,523
0.5246373414993286,-2.711833477020264,-3.7134909629821777,2023-10-20T11:57:24.784363Z,1697803044784,4.628098991954861,524
0.4617100954055786,-2.4276814460754395,-3.525895118713379,2023-10-20T11:57:24.804359Z,1697803044804,4.305664850401759,525
0.4070154428482055,-2.0896658897399902,-3.200916290283203,2023-10-20T11:57:24.827769Z,1697803044827,3.844246375931195,526
0.3387858867645263,-1.728471755981445,-2.774481773376465,2023-10-20T11:57:24.844941Z,1697803044844,3.286356584288233,527
0.2573382258415222,-1.3744187355041504,-2.3075437545776367,2023-10-20T11:57:24.865090Z,1697803044865,2.6981489955660987,528
0.1740663051605224,-1.049757480621338,-1.8488407135009768,2023-10-20T11:57:24.885381Z,1697803044885,2.133190528436571,529
0.1026817560195922,-0.7613048553466797,-1.416152000427246,2023-10-20T11:57:24.905879Z,1697803044905,1.6110912805014452,530
0.050538957118988,-0.4837379455566406,-0.9626302719116212,2023-10-20T11:57:24.927671Z,1697803044927,1.0785238182621075,531
0.018255203962326,-0.1955933570861816,-0.4223365783691406,2023-10-20T11:57:24.945885Z,1697803044945,0.4657877190700737,532
-0.0114633738994598,0.1003468036651611,0.2405710220336914,2023-10-20T11:57:24.966254Z,1697803044966,0.260912450046578,533
-0.0740165710449218,0.3804397583007812,1.064814567565918,2023-10-20T11:57:24.986657Z,1697803044986,1.1331561789028897,534
-0.2307078242301941,0.5481429100036621,2.010717391967773,2023-10-20T11:57:25.006626Z,1697803045006,2.096824069947213,535
-0.5753077268600464,0.4305030107498169,3.010772228240967,2023-10-20T11:57:25.027802Z,1697803045027,3.095328937802347,536
-1.226474404335022,-0.2143504917621612,3.77067232131958,2023-10-20T11:57:25.047559Z,1697803045047,3.970913667227382,537
-2.075891256332397,-1.405543565750122,3.694244861602783,2023-10-20T11:57:25.067348Z,1697803045067,4.4645629484662255,538
-2.5303940773010254,-2.438669919967652,2.475377559661865,2023-10-20T11:57:25.088229Z,1697803045088,4.298546176077752,539
-2.160009860992432,-2.452059268951416,0.969328999519348,2023-10-20T11:57:25.110817Z,1697803045110,3.4084946776171265,540
-1.2565736770629885,-1.5539937019348145,0.1020629107952117,2023-10-20T11:57:25.128741Z,1697803045128,2.0010723798255423,541
-0.2220435142517089,-0.2870721817016601,-0.0395131111145019,2023-10-20T11:57:25.148584Z,1697803045148,0.365068549286496,542
0.7283501625061035,0.9649157524108888,0.2629799842834472,2023-10-20T11:57:25.169059Z,1697803045169,1.2372206111308772,543
1.499133586883545,2.019622802734375,0.7387838363647461,2023-10-20T11:57:25.189081Z,1697803045189,2.621465112016711,544
2.072117805480957,2.817423820495605,1.217216968536377,2023-10-20T11:57:25.210834Z,1697803045210,3.7031292622024634,545
2.4850378036499023,3.37788200378418,1.626746416091919,2023-10-20T11:57:25.229774Z,1697803045229,4.49797772552578,546
2.799000740051269,3.7315359115600586,1.9516136646270752,2023-10-20T11:57:25.249916Z,1697803045249,5.056437609427118,547
3.026921272277832,3.887960433959961,2.174776315689087,2023-10-20T11:57:25.270121Z,1697803045270,5.385920603563366,548
3.178579330444336,3.884016990661621,2.3026576042175293,2023-10-20T11:57:25.294193Z,1697803045294,5.52188252192465,549
3.2534103393554688,3.740912914276123,2.321465492248535,2023-10-20T11:57:25.310500Z,1697803045310,5.474331950121738,550
3.2658610343933105,3.5215063095092773,2.249725818634033,2023-10-20T11:57:25.330934Z,1697803045330,5.303595124338845,551
3.287460327148437,3.295206546783448,2.138035297393799,2023-10-20T11:57:25.351638Z,1697803045351,5.122204263931808,552
3.36954927444458,3.111631393432617,2.040047168731689,2023-10-20T11:57:25.371946Z,1697803045371,5.019751457209369,553
3.54079532623291,2.996429443359375,1.9894609451293943,2023-10-20T11:57:25.394139Z,1697803045394,5.047155218883103,554
3.798844814300537,2.9479522705078125,1.9911284446716309,2023-10-20T11:57:25.412401Z,1697803045412,5.204443966026603,555
4.101680278778076,2.9295654296875,2.014901876449585,2023-10-20T11:57:25.432737Z,1697803045432,5.428256100061709,556
4.386133670806885,2.91318416595459,2.0210437774658203,2023-10-20T11:57:25.452521Z,1697803045452,5.639984797265656,557
4.641070365905762,2.898456573486328,2.0010030269622803,2023-10-20T11:57:25.472798Z,1697803045472,5.826199255396863,558
4.845250129699707,2.870823860168457,1.9402265548706048,2023-10-20T11:57:25.493662Z,1697803045493,5.95672372531181,559
4.9860944747924805,2.8297481536865234,1.8495848178863523,2023-10-20T11:57:25.513489Z,1697803045513,6.024083060798887,560
5.051594734191895,2.754215240478516,1.7229766845703125,2023-10-20T11:57:25.533808Z,1697803045533,6.00607688969866,561
5.000348091125488,2.6371755599975586,1.551304578781128,2023-10-20T11:57:25.553844Z,1697803045553,5.862143111765358,562
4.848910331726074,2.492588520050049,1.3400022983551023,2023-10-20T11:57:25.577093Z,1697803045577,5.6143151937704845,563
4.628810882568359,2.3287315368652344,1.1053998470306396,2023-10-20T11:57:25.594503Z,1697803045594,5.298187386190616,564
4.3510847091674805,2.142952919006348,0.8665139675140381,2023-10-20T11:57:25.614885Z,1697803045614,4.9269698411220055,565
4.017307281494141,1.9302849769592283,0.6408672332763672,2023-10-20T11:57:25.634967Z,1697803045634,4.502828965984344,566
3.624889373779297,1.6911396980285645,0.4403700828552246,2023-10-20T11:57:25.655658Z,1697803045655,4.024139940441948,567
3.190744400024414,1.4370975494384766,0.2730391025543213,2023-10-20T11:57:25.675775Z,1697803045675,3.51007828180696,568
2.748978614807129,1.1875824928283691,0.1420044302940368,2023-10-20T11:57:25.695285Z,1697803045695,2.99789940794592,569
2.323904037475586,0.9589967727661132,0.0454574078321456,2023-10-20T11:57:25.715933Z,1697803045715,2.514412687189191,570
1.925734519958496,0.7601726055145264,-0.0193818062543869,2023-10-20T11:57:25.736451Z,1697803045736,2.070432680853981,571
1.551152229309082,0.5900459289550781,-0.055970162153244,2023-10-20T11:57:25.756209Z,1697803045756,1.660530064713812,572
1.1978187561035156,0.4434778690338135,-0.0691297650337219,2023-10-20T11:57:25.777231Z,1697803045777,1.2791486689238916,573
0.8682689666748047,0.3164012432098388,-0.0655024051666259,2023-10-20T11:57:25.797427Z,1697803045797,0.9264401277351264,574
0.5668191909790039,0.2061700820922851,-0.0513034462928772,2023-10-20T11:57:25.817081Z,1697803045817,0.6053281272281656,575
0.304697036743164,0.1125483512878418,-0.0318480134010314,2023-10-20T11:57:25.837321Z,1697803045837,0.3263766406090803,576
0.0933732986450195,0.035660982131958,-0.0110678672790527,2023-10-20T11:57:25.860067Z,1697803045860,0.1005623002549889,577
-0.05853271484375,-0.0234830379486084,0.0077847242355346,2023-10-20T11:57:25.878084Z,1697803045878,0.0635463115349652,578
-0.1471786499023437,-0.0627741813659668,0.0217454433441162,2023-10-20T11:57:25.898100Z,1697803045898,0.1614776056903127,579
-0.1750020980834961,-0.079857587814331,0.0282860994338989,2023-10-20T11:57:25.919256Z,1697803045919,0.1944301213452627,580
-0.1513891220092773,-0.0739779472351074,0.0262731313705444,2023-10-20T11:57:25.938975Z,1697803045938,0.1705335168577545,581
-0.0876007080078125,-0.0457315444946289,0.0160534381866455,2023-10-20T11:57:25.959934Z,1697803045959,0.1001147895315507,582
0.0052261352539062,0.0029034614562988,-0.0009959936141967,2023-10-20T11:57:25.979439Z,1697803045979,0.0060609059883696,583
0.1143178939819336,0.0672011375427246,-0.0223493576049804,2023-10-20T11:57:26.000052Z,1697803045999,0.1344770149760028,584
0.2262382507324218,0.1397457122802734,-0.044580340385437,2023-10-20T11:57:26.020125Z,1697803046020,0.2696294066752893,585
0.323033332824707,0.2079992294311523,-0.0629060268402099,2023-10-20T11:57:26.043135Z,1697803046043,0.3893216944541008,586
0.3889789581298828,0.2591829299926758,-0.0733864307403564,2023-10-20T11:57:26.060381Z,1697803046060,0.4731447868086539,587
0.4146466255187988,0.2842721939086914,-0.0743434429168701,2023-10-20T11:57:26.081209Z,1697803046081,0.5082021760958148,588
0.398226261138916,0.2797746658325195,-0.0667064189910888,2023-10-20T11:57:26.101429Z,1697803046101,0.4912308673495516,589
0.3452949523925781,0.2479205131530761,-0.0532758235931396,2023-10-20T11:57:26.121249Z,1697803046121,0.4284057636976943,590
0.2675399780273437,0.1959180831909179,-0.0376801490783691,2023-10-20T11:57:26.143605Z,1697803046143,0.3337384137294403,591
0.1766924858093261,0.1317420005798339,-0.0225996971130371,2023-10-20T11:57:26.161750Z,1697803046161,0.2215557166219298,592
0.0853476524353027,0.0646986961364746,-0.0099302530288696,2023-10-20T11:57:26.182052Z,1697803046182,0.1075581376893188,593
0.0061664581298828,0.0047492980957031,-0.0006607174873352,2023-10-20T11:57:26.204479Z,1697803046204,0.0078113754145807,594
-0.0490117073059082,-0.0383172035217285,0.0049133896827697,2023-10-20T11:57:26.226325Z,1697803046226,0.0624059046640646,595
-0.0691709518432617,-0.0548539161682128,0.0067034363746643,2023-10-20T11:57:26.243907Z,1697803046243,0.0885353531484531,596
-0.0466437339782714,-0.03745698928833,0.0045371055603027,2023-10-20T11:57:26.262866Z,1697803046262,0.0599937437808905,597
0.0210757255554199,0.0170989036560058,-0.0021385550498962,2023-10-20T11:57:26.283188Z,1697803046283,0.0272237420577367,598
0.1312360763549804,0.1072802543640136,-0.014307677745819,2023-10-20T11:57:26.304344Z,1697803046304,0.1701078197965511,599
0.2759571075439453,0.2266478538513183,-0.0328556299209594,2023-10-20T11:57:26.326203Z,1697803046326,0.3586099096189789,600
0.4417352676391601,0.3636422157287597,-0.0576640367507934,2023-10-20T11:57:26.344512Z,1697803046344,0.5750572570368615,601
0.6128144264221191,0.5048341751098633,-0.0874783992767334,2023-10-20T11:57:26.365098Z,1697803046365,0.7987812816597211,602
0.7725791931152344,0.6364994049072266,-0.1199481487274169,2023-10-20T11:57:26.385349Z,1697803046385,1.008165492597805,603
0.9067215919494628,0.7469186782836914,-0.1523813009262085,2023-10-20T11:57:26.405130Z,1697803046405,1.1845892191592782,604
1.0039634704589844,0.8268313407897949,-0.1820635795593261,2023-10-20T11:57:26.426323Z,1697803046426,1.313293517508654,605
1.0556073188781738,0.8694190979003906,-0.2063683271408081,2023-10-20T11:57:26.445934Z,1697803046445,1.38303444133181,606
1.0551395416259766,0.8699460029602051,-0.2221714258193969,2023-10-20T11:57:26.465720Z,1697803046465,1.385455030962657,607
1.0028719902038574,0.8287143707275391,-0.2270675897598266,2023-10-20T11:57:26.486190Z,1697803046486,1.3206359934914405,608
0.907968521118164,0.7524042129516602,-0.2204370498657226,2023-10-20T11:57:26.505807Z,1697803046505,1.1996297045181967,609
0.7859182357788086,0.6528687477111816,-0.2039160728454589,2023-10-20T11:57:26.526585Z,1697803046526,1.0418669971893515,610
0.6547703742980957,0.544713020324707,-0.1808092594146728,2023-10-20T11:57:26.546823Z,1697803046546,0.8707057515945416,611
0.5316987037658691,0.4424271583557129,-0.1554892063140869,2023-10-20T11:57:26.567306Z,1697803046567,0.7089585286299906,612
0.430671215057373,0.3577876091003418,-0.132429838180542,2023-10-20T11:57:26.587290Z,1697803046587,0.5753497464545001,613
0.3618507385253906,0.2994003295898437,-0.1158304214477539,2023-10-20T11:57:26.609652Z,1697803046609,0.4837284371035488,614
0.3314619064331054,0.272500991821289,-0.1091384887695312,2023-10-20T11:57:26.627756Z,1697803046627,0.4427583942634538,615
0.3421053886413574,0.278696060180664,-0.1141848564147949,2023-10-20T11:57:26.648321Z,1697803046648,0.4557913693041431,616
0.3933353424072265,0.3165273666381836,-0.1309173107147216,2023-10-20T11:57:26.668347Z,1697803046668,0.5215760804161634,617
0.4785876274108886,0.379246711730957,-0.1560473442077636,2023-10-20T11:57:26.688555Z,1697803046688,0.6302578512829676,618
0.5849337577819824,0.4551730155944824,-0.1835217475891113,2023-10-20T11:57:26.709656Z,1697803046709,0.7635510506550871,619
0.6971454620361328,0.5317587852478027,-0.2069048881530761,2023-10-20T11:57:26.729551Z,1697803046729,0.9008822529428744,620
0.803220272064209,0.5994877815246582,-0.2218449115753173,2023-10-20T11:57:26.749870Z,1697803046749,1.026529868266929,621
0.8939285278320312,0.6511874198913574,-0.2257728576660156,2023-10-20T11:57:26.769895Z,1697803046769,1.1287721878020316,622
0.9627723693847656,0.6825065612792969,-0.2179946899414062,2023-10-20T11:57:26.793029Z,1697803046792,1.2001114641076869,623
1.0047545433044434,0.6910653114318848,-0.1990841627120971,2023-10-20T11:57:26.809943Z,1697803046809,1.2356121805801954,624
1.0171289443969729,0.6765198707580566,-0.1708030700683593,2023-10-20T11:57:26.830460Z,1697803046830,1.2334521124897289,625
0.999211311340332,0.6403417587280273,-0.1360117197036743,2023-10-20T11:57:26.850752Z,1697803046850,1.1945543104346994,626
0.9521446228027344,0.5854954719543457,-0.0983489155769348,2023-10-20T11:57:26.871582Z,1697803046871,1.122077020353934,627
0.8777751922607422,0.5158696174621582,-0.0616561770439147,2023-10-20T11:57:26.893137Z,1697803046893,1.020005997304235,628
0.7812614440917969,0.4372725486755371,-0.0295762121677398,2023-10-20T11:57:26.911552Z,1697803046911,0.8957965607077262,629
0.669163703918457,0.3554439544677734,-0.0044925287365913,2023-10-20T11:57:26.932315Z,1697803046932,0.7577206940713749,630
0.5477228164672852,0.2749032974243164,0.0125761032104492,2023-10-20T11:57:26.952748Z,1697803046952,0.6129684045573454,631
0.4240074157714844,0.1998610496520996,0.0216231048107147,2023-10-20T11:57:26.972539Z,1697803046972,0.4692486403378347,632
0.3009910583496094,0.1322450637817382,0.0232006311416625,2023-10-20T11:57:26.992942Z,1697803046992,0.3295794947905974,633
0.1765098571777343,0.0716712474822998,0.0178173780441284,2023-10-20T11:57:27.013297Z,1697803047013,0.1913372842833842,634
0.0461978912353515,0.0171742439270019,0.0056624412536621,2023-10-20T11:57:27.033522Z,1697803047033,0.0496111182096181,635
-0.0925617218017578,-0.0311517715454101,-0.0131522417068481,2023-10-20T11:57:27.053577Z,1697803047053,0.0985448460105285,636
-0.2388992309570312,-0.0716860294342041,-0.0382256507873535,2023-10-20T11:57:27.075740Z,1697803047075,0.2523349554580562,637
-0.3920631408691406,-0.1026692390441894,-0.0692843198776245,2023-10-20T11:57:27.093867Z,1697803047093,0.411162736705302,638
-0.55316162109375,-0.1224817037582397,-0.1067746877670288,2023-10-20T11:57:27.114151Z,1697803047114,0.5765330699572516,639
-0.7205648422241211,-0.1282540559768676,-0.1510719060897827,2023-10-20T11:57:27.135059Z,1697803047135,0.7473188847698083,640
-0.8919239044189453,-0.1172238588333129,-0.2025284767150879,2023-10-20T11:57:27.154757Z,1697803047154,0.9221103340892792,641
-1.0667781829833984,-0.0874549150466919,-0.2617113590240478,2023-10-20T11:57:27.176628Z,1697803047176,1.1018878751022716,642
-1.2457361221313477,-0.037420630455017,-0.3296008110046386,2023-10-20T11:57:27.195197Z,1697803047195,1.2891452533292804,643
-1.4277925491333008,0.0345726311206817,-0.406886339187622,2023-10-20T11:57:27.216167Z,1697803047216,1.485039838927118,644
-1.608503818511963,0.1308972835540771,-0.4930028915405273,2023-10-20T11:57:27.235969Z,1697803047235,1.687444957347268,645
-1.7843008041381836,0.2540585994720459,-0.5868048667907715,2023-10-20T11:57:27.259667Z,1697803047259,1.8954195006127803,646
-1.958108901977539,0.4074162244796753,-0.6869528293609619,2023-10-20T11:57:27.276783Z,1697803047276,2.114729921701584,647
-2.1355762481689453,0.5968369245529175,-0.7908751964569092,2023-10-20T11:57:27.296519Z,1697803047296,2.354226795069644,648
-2.318387031555176,0.831291675567627,-0.8911199569702148,2023-10-20T11:57:27.317006Z,1697803047316,2.61917144449573,649
-2.4992165565490723,1.122049331665039,-0.972116470336914,2023-10-20T11:57:27.337525Z,1697803047337,2.906903598525287,650
-2.6536431312561035,1.478282451629639,-1.0034871101379397,2023-10-20T11:57:27.359364Z,1697803047359,3.199082252001631,651
-2.740506172180176,1.9020071029663088,-0.9387760162353516,2023-10-20T11:57:27.378173Z,1697803047378,3.465444489261175,652
-2.6918044090271,2.362604856491089,-0.7228671312332153,2023-10-20T11:57:27.398127Z,1697803047398,3.6537993340891552,653
-2.4266395568847656,2.753391742706299,-0.3330419063568115,2023-10-20T11:57:27.418324Z,1697803047418,3.6851950476509248,654
-1.913374900817871,2.882084846496582,0.1520846486091613,2023-10-20T11:57:27.438309Z,1697803047438,3.4627368242226546,655
-1.252397060394287,2.571756362915039,0.5364102125167847,2023-10-20T11:57:27.459254Z,1697803047459,2.910354807093208,656
-0.6337485313415527,1.807311534881592,0.622368335723877,2023-10-20T11:57:27.479275Z,1697803047479,2.013791084101164,657
-0.1887373924255371,0.7419672012329102,0.3418197631835937,2023-10-20T11:57:27.499392Z,1697803047499,0.8384377624534078,658
0.0824974775314331,-0.4251832962036133,-0.2384085655212402,2023-10-20T11:57:27.519854Z,1697803047519,0.4943938847553784,659
