GYR_X,GYR_Y,GYR_Z,DATE,UNIX_TIMESTAMP,Line_Number
-0.3015748262405395,-0.1598998457193374,-0.2007394880056381,2023-10-20T11:58:35.068612Z,1697803115068,0
-0.288405030965805,-0.1983449757099151,-0.2063266634941101,2023-10-20T11:58:35.079550Z,1697803115079,1
-0.2732398211956024,-0.2415791302919387,-0.2121798992156982,2023-10-20T11:58:35.088988Z,1697803115088,2
-0.2552810311317444,-0.2826848328113556,-0.2148404717445373,2023-10-20T11:58:35.100113Z,1697803115100,3
-0.236124962568283,-0.3168730437755584,-0.2116477936506271,2023-10-20T11:58:35.112395Z,1697803115112,4
-0.2189643383026123,-0.3418823480606079,-0.2008725106716156,2023-10-20T11:58:35.120778Z,1697803115120,5
-0.2060606032609939,-0.3562493920326233,-0.1829137057065963,2023-10-20T11:58:35.129329Z,1697803115129,6
-0.1967486441135406,-0.358643889427185,-0.1601658910512924,2023-10-20T11:58:35.140682Z,1697803115140,7
-0.190097227692604,-0.3495979905128479,-0.1364868879318237,2023-10-20T11:58:35.149345Z,1697803115149,8
-0.1737347692251205,-0.3175382018089294,-0.1157344952225685,2023-10-20T11:58:35.162643Z,1697803115162,9
-0.1774595528841018,-0.30024453997612,-0.1033628731966018,2023-10-20T11:58:35.170312Z,1697803115170,10
-0.1998082846403122,-0.3047674894332886,-0.102697730064392,2023-10-20T11:58:35.181325Z,1697803115181,11
-0.2132441252470016,-0.3074280619621277,-0.1150693520903587,2023-10-20T11:58:35.190323Z,1697803115190,12
-0.2337304651737213,-0.3257859349250793,-0.1406107544898986,2023-10-20T11:58:35.201252Z,1697803115201,13
-0.2587397694587707,-0.354786068201065,-0.1751980781555175,2023-10-20T11:58:35.212134Z,1697803115212,14
-0.285212367773056,-0.3883091807365417,-0.2139092683792114,2023-10-20T11:58:35.221324Z,1697803115221,15
-0.3112858831882477,-0.4201028943061828,-0.2510241270065307,2023-10-20T11:58:35.230901Z,1697803115230,16
-0.3353639841079712,-0.4427177011966705,-0.2805563807487488,2023-10-20T11:58:35.241492Z,1697803115241,17
-0.3551851511001587,-0.44843789935112,-0.2953225076198578,2023-10-20T11:58:35.250317Z,1697803115250,18
-0.3670246601104736,-0.4331396520137787,-0.2907995283603668,2023-10-20T11:58:35.262296Z,1697803115262,19
-0.3433456718921661,-0.3895064294338226,-0.262730598449707,2023-10-20T11:58:35.271469Z,1697803115271,20
-0.340419054031372,-0.3457401692867279,-0.2288084179162979,2023-10-20T11:58:35.282058Z,1697803115282,21
-0.3377584815025329,-0.3083592653274536,-0.1998082846403122,2023-10-20T11:58:35.291882Z,1697803115291,22
-0.321795105934143,-0.266588419675827,-0.1559089869260788,2023-10-20T11:58:35.302188Z,1697803115302,23
-0.3082262277603149,-0.2309368699789047,-0.1183950528502464,2023-10-20T11:58:35.312223Z,1697803115312,24
-0.2858774960041046,-0.2079229950904846,-0.0815462544560432,2023-10-20T11:58:35.322410Z,1697803115322,25
-0.2752352356910705,-0.1976798325777053,-0.0416378118097782,2023-10-20T11:58:35.332204Z,1697803115332,26
-0.2435745447874069,-0.1782577186822891,-0.0271377433091402,2023-10-20T11:58:35.345757Z,1697803115345,27
-0.2200285643339157,-0.1741338521242141,-0.0085138017311692,2023-10-20T11:58:35.352486Z,1697803115352,28
-0.1998082846403122,-0.1706751137971878,0.0073165483772754,2023-10-20T11:58:35.363356Z,1697803115363,29
-0.1761292666196823,-0.1745329350233078,0.0160964056849479,2023-10-20T11:58:35.372600Z,1697803115372,30
-0.1577713936567306,-0.2003403902053833,0.0232799258083105,2023-10-20T11:58:35.383920Z,1697803115383,31
-0.1391474455595016,-0.2228221595287323,0.0135688716545701,2023-10-20T11:58:35.395716Z,1697803115395,32
-0.1243813186883926,-0.2552810311317444,-0.0059862667694687,2023-10-20T11:58:35.403792Z,1697803115403,33
-0.1140051260590553,-0.2958545982837677,-0.0340552069246768,2023-10-20T11:58:35.412604Z,1697803115412,34
-0.1081518903374672,-0.3422814309597015,-0.0685094967484474,2023-10-20T11:58:35.423964Z,1697803115423,35
-0.1056243553757667,-0.3908367156982422,-0.1061564683914184,2023-10-20T11:58:35.432662Z,1697803115432,36
-0.1056243553757667,-0.4388598799705505,-0.1436704099178314,2023-10-20T11:58:35.446376Z,1697803115446,37
-0.1081518903374672,-0.4855527579784393,-0.1785237789154052,2023-10-20T11:58:35.453638Z,1697803115453,38
-0.1141381561756134,-0.529585063457489,-0.2095193415880203,2023-10-20T11:58:35.464632Z,1697803115464,39
-0.1234501227736473,-0.5678972005844116,-0.2366570830345153,2023-10-20T11:58:35.473622Z,1697803115473,40
-0.1352896243333816,-0.5986266732215881,-0.2603361010551452,2023-10-20T11:58:35.485528Z,1697803115485,41
-0.1500557512044906,-0.6225717663764954,-0.2814875841140747,2023-10-20T11:58:35.495999Z,1697803115495,42
-0.1684136390686035,-0.6398653984069824,-0.3007766604423523,2023-10-20T11:58:35.504863Z,1697803115504,43
-0.1908953934907913,-0.6479801535606384,-0.3187354505062103,2023-10-20T11:58:35.514332Z,1697803115514,44
-0.2180331349372863,-0.6435902118682861,-0.3356300294399261,2023-10-20T11:58:35.525433Z,1697803115525,45
-0.2507580518722534,-0.6272277235984802,-0.3535888195037842,2023-10-20T11:58:35.534224Z,1697803115534,46
-0.2909325659275055,-0.6051450371742249,-0.3756715059280395,2023-10-20T11:58:35.545664Z,1697803115545,47
-0.3394878506660461,-0.585456907749176,-0.4044055938720703,2023-10-20T11:58:35.554923Z,1697803115554,48
-0.395891785621643,-0.5749476552009583,-0.4409883320331573,2023-10-20T11:58:35.565750Z,1697803115565,49
-0.4576168358325958,-0.5765439867973328,-0.485020637512207,2023-10-20T11:58:35.578497Z,1697803115578,50
-0.5212042927742004,-0.589181661605835,-0.5361034274101257,2023-10-20T11:58:35.586187Z,1697803115586,51
-0.5833284258842468,-0.6105992197990417,-0.5919752717018127,2023-10-20T11:58:35.594948Z,1697803115594,52
-0.640530526638031,-0.6376039385795593,-0.6481131315231323,2023-10-20T11:58:35.606147Z,1697803115606,53
-0.6905491352081299,-0.6650077104568481,-0.6985308527946472,2023-10-20T11:58:35.615620Z,1697803115615,54
-0.7323199510574341,-0.6888197660446167,-0.7384392619132996,2023-10-20T11:58:35.629215Z,1697803115629,55
-0.7658430933952332,-0.7079758048057556,-0.7662421464920044,2023-10-20T11:58:35.636429Z,1697803115636,56
-0.7913844585418701,-0.7236731648445129,-0.7826046347618103,2023-10-20T11:58:35.647008Z,1697803115646,57
-0.807746946811676,-0.7369759678840637,-0.789522111415863,2023-10-20T11:58:35.656381Z,1697803115656,58
-0.8128020167350769,-0.7480173110961914,-0.7888569235801697,2023-10-20T11:58:35.667296Z,1697803115667,59
-0.8058845400810242,-0.7586595416069031,-0.7830036878585815,2023-10-20T11:58:35.678245Z,1697803115678,60
-0.7881917953491211,-0.7722284197807312,-0.7743569016456604,2023-10-20T11:58:35.687376Z,1697803115687,61
-0.7629164457321167,-0.7912514209747314,-0.7653109431266785,2023-10-20T11:58:35.696887Z,1697803115696,62
-0.733650267124176,-0.8173249959945679,-0.7574623227119446,2023-10-20T11:58:35.707398Z,1697803115707,63
-0.7039849758148193,-0.8508480787277222,-0.7508108615875244,2023-10-20T11:58:35.717137Z,1697803115717,64
-0.6757830381393433,-0.88916015625,-0.7434943318367004,2023-10-20T11:58:35.729157Z,1697803115729,65
-0.6503746509552002,-0.9272062182426452,-0.7323199510574341,2023-10-20T11:58:35.737521Z,1697803115737,66
-0.6282919645309448,-0.9607293009757996,-0.7152923941612244,2023-10-20T11:58:35.747887Z,1697803115747,67
-0.6099340915679932,-0.9877340197563172,-0.6913473010063171,2023-10-20T11:58:35.757556Z,1697803115757,68
-0.5950348973274231,-1.0074222087860107,-0.6611499190330505,2023-10-20T11:58:35.768836Z,1697803115768,69
-0.5829293727874756,-1.0205919742584229,-0.6258974671363831,2023-10-20T11:58:35.778534Z,1697803115778,70
-0.5732182860374451,-1.0293718576431274,-0.5869202017784119,2023-10-20T11:58:35.789108Z,1697803115789,71
-0.5656356811523438,-1.0366884469985962,-0.5456814765930176,2023-10-20T11:58:35.798240Z,1697803115798,72
-0.5612457990646362,-1.0471975803375244,-0.5040436387062073,2023-10-20T11:58:35.812294Z,1697803115812,73
-0.5609797239303589,-1.0652894973754885,-0.4636031091213226,2023-10-20T11:58:35.818814Z,1697803115818,74
-0.5644384622573853,-1.0913629531860352,-0.4250249564647674,2023-10-20T11:58:35.829386Z,1697803115829,75
-0.570025622844696,-1.123289704322815,-0.3871119320392608,2023-10-20T11:58:35.838612Z,1697803115838,76
-0.5772091746330261,-1.1578770875930786,-0.3473365008831024,2023-10-20T11:58:35.849562Z,1697803115849,77
-0.585456907749176,-1.1911340951919556,-0.3033041954040527,2023-10-20T11:58:35.861839Z,1697803115861,78
-0.5942367315292358,-1.2190699577331543,-0.2546158730983734,2023-10-20T11:58:35.869708Z,1697803115869,79
-0.6032826900482178,-1.241817831993103,-0.201936736702919,2023-10-20T11:58:35.878439Z,1697803115878,80
-0.6135258078575134,-1.2645655870437622,-0.1464639902114868,2023-10-20T11:58:35.889709Z,1697803115889,81
-0.6256313920021057,-1.2891758680343628,-0.0881976634263992,2023-10-20T11:58:35.899231Z,1697803115899,82
-0.6407966017723083,-1.314717173576355,-0.0278028845787048,2023-10-20T11:58:35.912443Z,1697803115912,83
-0.6598196625709534,-1.3402585983276367,0.0320597849786281,2023-10-20T11:58:35.920306Z,1697803115920,84
-0.6838977336883545,-1.3663321733474731,0.088995836675167,2023-10-20T11:58:35.931159Z,1697803115931,85
-0.7126318216323853,-1.393203854560852,0.1418080031871795,2023-10-20T11:58:35.940343Z,1697803115940,86
-0.7446916103363037,-1.4191442728042605,0.1915605366230011,2023-10-20T11:58:35.951273Z,1697803115951,87
-0.7791458964347839,-1.4456169605255127,0.2393176406621933,2023-10-20T11:58:35.961893Z,1697803115961,88
-0.8147974610328674,-1.474084973335266,0.2856114506721496,2023-10-20T11:58:35.971499Z,1697803115971,89
-0.8505820035934448,-1.5046814680099487,0.3309740424156189,2023-10-20T11:58:35.980826Z,1697803115980,90
-0.8849032521247864,-1.5355439186096191,0.3770017921924591,2023-10-20T11:58:35.991354Z,1697803115991,91
-0.9168300032615662,-1.5630807876586914,0.4254240393638611,2023-10-20T11:58:36.000512Z,1697803116000,92
-0.9464952945709229,-1.584631323814392,0.4782361984252929,2023-10-20T11:58:36.011899Z,1697803116011,93
-0.975495457649231,-1.6009937524795532,0.5363695025444031,2023-10-20T11:58:36.020755Z,1697803116020,94
-1.0060919523239136,-1.6162919998168943,0.5999569892883301,2023-10-20T11:58:36.032282Z,1697803116032,95
-1.0394819974899292,-1.632388472557068,0.6688655614852905,2023-10-20T11:58:36.044952Z,1697803116044,96
-1.075000524520874,-1.6479527950286863,0.7425631284713745,2023-10-20T11:58:36.052114Z,1697803116052,97
-1.1117162704467771,-1.6625858545303345,0.819187343120575,2023-10-20T11:58:36.061481Z,1697803116061,98
-1.1502944231033323,-1.6785491704940796,0.8963437080383301,2023-10-20T11:58:36.072794Z,1697803116072,99
-0.3821898698806762,-0.6920124292373657,0.162959486246109,2023-10-20T11:45:23.387208Z,1697802323387,100
-0.3696852326393127,-0.6659389138221741,0.1565741300582885,2023-10-20T11:45:23.394406Z,1697802323394,101
-0.3606393337249756,-0.6425259709358215,0.1493906080722808,2023-10-20T11:45:23.403739Z,1697802323403,102
-0.3538548946380615,-0.6211084127426147,0.1404777318239212,2023-10-20T11:45:23.414758Z,1697802323414,103
-0.3474695384502411,-0.6007551550865173,0.1290373057126999,2023-10-20T11:45:23.424314Z,1697802323424,104
-0.3396208584308624,-0.5806679129600525,0.1146702691912651,2023-10-20T11:45:23.437598Z,1697802323437,105
-0.3285795450210571,-0.5592503547668457,0.0975096374750137,2023-10-20T11:45:23.444139Z,1697802323444,106
-0.3140794634819031,-0.5357043743133545,0.0791517496109008,2023-10-20T11:45:23.454975Z,1697802323454,107
-0.2970518767833709,-0.5096308588981628,0.0623902045190334,2023-10-20T11:45:23.464348Z,1697802323464,108
-0.2671205401420593,-0.4597452878952026,0.0508167557418346,2023-10-20T11:45:23.475380Z,1697802323475,109
-0.2480975091457367,-0.4300800263881683,0.0415047816932201,2023-10-20T11:45:23.486850Z,1697802323486,110
-0.2318680733442306,-0.4048046767711639,0.0336561240255832,2023-10-20T11:45:23.496233Z,1697802323496,111
-0.2047303318977356,-0.3662264943122864,0.0325918979942798,2023-10-20T11:45:23.505280Z,1697802323505,112
-0.181583434343338,-0.3333685398101806,0.0317937284708023,2023-10-20T11:45:23.516148Z,1697802323516,113
-0.1551108211278915,-0.2846802473068237,0.0271377433091402,2023-10-20T11:45:23.525415Z,1697802323525,114
-0.1324960440397262,-0.2431754618883133,0.0231468975543975,2023-10-20T11:45:23.537694Z,1697802323537,115
-0.11307393014431,-0.2076569497585296,0.0198211949318647,2023-10-20T11:45:23.545340Z,1697802323545,116
-0.0965784415602684,-0.1773265302181244,0.0168945752084255,2023-10-20T11:45:23.556550Z,1697802323556,117
-0.0824774578213691,-0.1515190601348877,0.014500068500638,2023-10-20T11:45:23.565604Z,1697802323565,118
-0.0705049186944961,-0.129303365945816,0.0123716183006763,2023-10-20T11:45:23.577586Z,1697802323577,119
-0.0601287260651588,-0.1105463951826095,0.0105092236772179,2023-10-20T11:45:23.586715Z,1697802323586,120
-0.051348865032196,-0.0943169593811035,0.0090459147468209,2023-10-20T11:45:23.597519Z,1697802323597,121
-0.0438992902636528,-0.0806150585412979,0.0077156326733529,2023-10-20T11:45:23.606386Z,1697802323606,122
-0.0252753496170043,-0.053344290703535,0.019289081916213,2023-10-20T11:45:23.621286Z,1697802323621,123
-0.0093119703233242,-0.0300643630325794,0.0291331652551889,2023-10-20T11:45:23.627131Z,1697802323627,124
-0.0078486613929271,-0.025674432516098,0.0248762648552656,2023-10-20T11:45:23.637853Z,1697802323637,125
-0.006784435827285,-0.0219496451318264,0.0212845038622617,2023-10-20T11:45:23.647188Z,1697802323647,126
-0.0057202107273042,-0.0187569689005613,0.0180918294936418,2023-10-20T11:45:23.657869Z,1697802323657,127
-0.0049220416694879,-0.015963377431035,0.0154312653467059,2023-10-20T11:45:23.670373Z,1697802323670,128
0.0006651407456956,0.0152982370927929,0.0266056302934885,2023-10-20T11:45:23.678474Z,1697802323678,129
0.0055871824733912,0.0420368947088718,0.0360506288707256,2023-10-20T11:45:23.687455Z,1697802323687,130
0.0154312653467059,0.0607938654720783,0.0534773170948028,2023-10-20T11:45:23.698816Z,1697802323698,131
0.0238120388239622,0.0768902748823165,0.0682434439659118,2023-10-20T11:45:23.707543Z,1697802323707,132
0.035651545971632,0.1004362553358078,0.0872664675116539,2023-10-20T11:45:23.720828Z,1697802323720,133
0.0550736561417579,0.1422071009874344,0.1179959699511528,2023-10-20T11:45:23.728255Z,1697802323728,134
0.067445270717144,0.1684136390686035,0.1281061172485351,2023-10-20T11:45:23.738916Z,1697802323738,135
0.0816792845726013,0.1991431415081024,0.1336932927370071,2023-10-20T11:45:23.748406Z,1697802323748,136
0.0988399162888526,0.2354598343372345,0.1356887221336364,2023-10-20T11:45:23.759520Z,1697802323759,137
0.1207895651459693,0.2780288457870483,0.1364868879318237,2023-10-20T11:45:23.770225Z,1697802323770,138
0.1483263969421386,0.326185017824173,0.1386153399944305,2023-10-20T11:45:23.779716Z,1697802323779,139
0.1781246960163116,0.3762036263942718,0.14433553814888,2023-10-20T11:45:23.789206Z,1697802323789,140
0.2039321511983871,0.4219653010368347,0.1544456779956817,2023-10-20T11:45:23.803936Z,1697802323803,141
0.2208267301321029,0.4592131674289703,0.1680145561695099,2023-10-20T11:45:23.809287Z,1697802323809,142
0.2294735610485077,0.4878142476081848,0.1823816001415252,2023-10-20T11:45:23.821271Z,1697802323821,143
0.2343956083059311,0.5112271904945374,0.1954183578491211,2023-10-20T11:45:23.829552Z,1697802323829,144
0.2389185577630996,0.5323786735534668,0.2061936408281326,2023-10-20T11:45:23.840703Z,1697802323840,145
0.2433084845542907,0.552332878112793,0.2155055999755859,2023-10-20T11:45:23.853137Z,1697802323853,146
0.2466342002153396,0.5712229013442993,0.2241524308919906,2023-10-20T11:45:23.860500Z,1697802323860,147
0.2487626373767852,0.5890486836433411,0.2325332164764404,2023-10-20T11:45:23.870426Z,1697802323870,148
0.2503589689731598,0.6056771874427795,0.2403818666934967,2023-10-20T11:45:23.880589Z,1697802323880,149
0.2522213757038116,0.6209754347801208,0.2475653886795044,2023-10-20T11:45:23.889895Z,1697802323889,150
0.2547489106655121,0.6349433660507202,0.2536846995353699,2023-10-20T11:45:23.904520Z,1697802323904,151
0.2566113173961639,0.6463837623596191,0.2596709430217743,2023-10-20T11:45:23.910156Z,1697802323910,152
0.2552810311317444,0.6534342765808105,0.2677856683731079,2023-10-20T11:45:23.921682Z,1697802323921,153
0.2486296147108078,0.6547645926475525,0.2800242602825165,2023-10-20T11:45:23.930834Z,1697802323930,154
0.2373222261667251,0.6499755382537842,0.2969188392162323,2023-10-20T11:45:23.942333Z,1697802323942,155
0.2225560992956161,0.6399984359741211,0.3180703222751617,2023-10-20T11:45:23.953155Z,1697802323953,156
0.2053954601287841,0.625498354434967,0.3422814309597015,2023-10-20T11:45:23.962298Z,1697802323962,157
0.1854412406682968,0.6071404814720154,0.367290735244751,2023-10-20T11:45:23.970687Z,1697802323970,158
0.1634915918111801,0.5862550735473633,0.3897724747657776,2023-10-20T11:45:23.981797Z,1697802323981,159
0.1411428749561309,0.5644384622573853,0.4066670536994934,2023-10-20T11:45:23.991097Z,1697802323991,160
0.1197253391146659,0.5438190698623657,0.4165111482143402,2023-10-20T11:45:24.004171Z,1697802324004,161
0.0985738635063171,0.5249291062355042,0.4191717207431793,2023-10-20T11:45:24.011713Z,1697802324011,162
0.0756930187344551,0.5071033239364624,0.4153138995170593,2023-10-20T11:45:24.022644Z,1697802324022,163
0.0517479516565799,0.4899426698684692,0.4048046767711639,2023-10-20T11:45:24.031761Z,1697802324031,164
0.0275368280708789,0.473846286535263,0.3877770602703094,2023-10-20T11:45:24.043049Z,1697802324042,165
0.0038578163366764,0.4586810767650604,0.3644971251487732,2023-10-20T11:45:24.053600Z,1697802324053,166
-0.0195551384240388,0.4451121985912323,0.3350979089736938,2023-10-20T11:45:24.063289Z,1697802324063,167
-0.0407066158950328,0.4343369305133819,0.3007766604423523,2023-10-20T11:45:24.072477Z,1697802324072,168
-0.0570690780878067,0.4276854991912842,0.2637948393821716,2023-10-20T11:45:24.085406Z,1697802324085,169
-0.0686425268650055,0.4243597984313965,0.2277441918849945,2023-10-20T11:45:24.092890Z,1697802324092,170
-0.0787526667118072,0.4213001430034637,0.1959504634141922,2023-10-20T11:45:24.102895Z,1697802324102,171
-0.0920554846525192,0.4149148166179657,0.1716063171625137,2023-10-20T11:45:24.113065Z,1697802324113,172
-0.1106794252991676,0.4024101495742798,0.1564411073923111,2023-10-20T11:45:24.124686Z,1697802324124,173
-0.1336932927370071,0.3823229074478149,0.1507208943367004,2023-10-20T11:45:24.137211Z,1697802324137,174
-0.1592347025871276,0.3538548946380615,0.1529823690652847,2023-10-20T11:45:24.144275Z,1697802324144,175
-0.1850421577692031,0.3180703222751617,0.1604319512844085,2023-10-20T11:45:24.153604Z,1697802324153,176
-0.2095193415880203,0.277762770652771,0.1709411740303039,2023-10-20T11:45:24.164509Z,1697802324164,177
-0.2317350357770919,0.2371891885995865,0.1831797659397125,2023-10-20T11:45:24.173796Z,1697802324173,178
-0.2508910894393921,0.1999413073062896,0.1975468099117279,2023-10-20T11:45:24.186705Z,1697802324186,179
0.2294735610485077,0.4878142476081848,0.1823816001415252,2023-10-20T11:45:23.821271Z,1697802323821,180
0.2343956083059311,0.5112271904945374,0.1954183578491211,2023-10-20T11:45:23.829552Z,1697802323829,181
0.2389185577630996,0.5323786735534668,0.2061936408281326,2023-10-20T11:45:23.840703Z,1697802323840,182
0.2433084845542907,0.552332878112793,0.2155055999755859,2023-10-20T11:45:23.853137Z,1697802323853,183
0.2466342002153396,0.5712229013442993,0.2241524308919906,2023-10-20T11:45:23.860500Z,1697802323860,184
0.2487626373767852,0.5890486836433411,0.2325332164764404,2023-10-20T11:45:23.870426Z,1697802323870,185
0.2503589689731598,0.6056771874427795,0.2403818666934967,2023-10-20T11:45:23.880589Z,1697802323880,186
0.2522213757038116,0.6209754347801208,0.2475653886795044,2023-10-20T11:45:23.889895Z,1697802323889,187
0.2547489106655121,0.6349433660507202,0.2536846995353699,2023-10-20T11:45:23.904520Z,1697802323904,188
0.2566113173961639,0.6463837623596191,0.2596709430217743,2023-10-20T11:45:23.910156Z,1697802323910,189
0.2552810311317444,0.6534342765808105,0.2677856683731079,2023-10-20T11:45:23.921682Z,1697802323921,190
0.2486296147108078,0.6547645926475525,0.2800242602825165,2023-10-20T11:45:23.930834Z,1697802323930,191
0.2373222261667251,0.6499755382537842,0.2969188392162323,2023-10-20T11:45:23.942333Z,1697802323942,192
0.2225560992956161,0.6399984359741211,0.3180703222751617,2023-10-20T11:45:23.953155Z,1697802323953,193
0.2053954601287841,0.625498354434967,0.3422814309597015,2023-10-20T11:45:23.962298Z,1697802323962,194
0.1854412406682968,0.6071404814720154,0.367290735244751,2023-10-20T11:45:23.970687Z,1697802323970,195
0.1634915918111801,0.5862550735473633,0.3897724747657776,2023-10-20T11:45:23.981797Z,1697802323981,196
0.1411428749561309,0.5644384622573853,0.4066670536994934,2023-10-20T11:45:23.991097Z,1697802323991,197
0.1197253391146659,0.5438190698623657,0.4165111482143402,2023-10-20T11:45:24.004171Z,1697802324004,198
0.0985738635063171,0.5249291062355042,0.4191717207431793,2023-10-20T11:45:24.011713Z,1697802324011,199
0.0756930187344551,0.5071033239364624,0.4153138995170593,2023-10-20T11:45:24.022644Z,1697802324022,200
0.0517479516565799,0.4899426698684692,0.4048046767711639,2023-10-20T11:45:24.031761Z,1697802324031,201
0.0275368280708789,0.473846286535263,0.3877770602703094,2023-10-20T11:45:24.043049Z,1697802324042,202
0.0038578163366764,0.4586810767650604,0.3644971251487732,2023-10-20T11:45:24.053600Z,1697802324053,203
-0.0195551384240388,0.4451121985912323,0.3350979089736938,2023-10-20T11:45:24.063289Z,1697802324063,204
-0.0407066158950328,0.4343369305133819,0.3007766604423523,2023-10-20T11:45:24.072477Z,1697802324072,205
-0.0570690780878067,0.4276854991912842,0.2637948393821716,2023-10-20T11:45:24.085406Z,1697802324085,206
-0.0686425268650055,0.4243597984313965,0.2277441918849945,2023-10-20T11:45:24.092890Z,1697802324092,207
-0.0787526667118072,0.4213001430034637,0.1959504634141922,2023-10-20T11:45:24.102895Z,1697802324102,208
-0.0920554846525192,0.4149148166179657,0.1716063171625137,2023-10-20T11:45:24.113065Z,1697802324113,209
-0.1106794252991676,0.4024101495742798,0.1564411073923111,2023-10-20T11:45:24.124686Z,1697802324124,210
-0.1336932927370071,0.3823229074478149,0.1507208943367004,2023-10-20T11:45:24.137211Z,1697802324137,211
-0.1592347025871276,0.3538548946380615,0.1529823690652847,2023-10-20T11:45:24.144275Z,1697802324144,212
-0.1850421577692031,0.3180703222751617,0.1604319512844085,2023-10-20T11:45:24.153604Z,1697802324153,213
-0.2095193415880203,0.277762770652771,0.1709411740303039,2023-10-20T11:45:24.164509Z,1697802324164,214
-0.2317350357770919,0.2371891885995865,0.1831797659397125,2023-10-20T11:45:24.173796Z,1697802324173,215
-0.2508910894393921,0.1999413073062896,0.1975468099117279,2023-10-20T11:45:24.186705Z,1697802324186,216
-0.2664553821086883,0.1681475788354873,0.2145744115114212,2023-10-20T11:45:24.194320Z,1697802324194,217
-0.277762770652771,0.1418080031871795,0.2347946912050247,2023-10-20T11:45:24.205181Z,1697802324205,218
-0.2864096164703369,0.1185280829668045,0.2580746114253998,2023-10-20T11:45:24.214263Z,1697802324214,219
-0.2950564324855804,0.0941839292645454,0.2830839157104492,2023-10-20T11:45:24.225977Z,1697802324225,220
-0.3068959414958954,0.0638535097241401,0.30796018242836,2023-10-20T11:45:24.236924Z,1697802324236,221
-0.3251208066940307,0.0223487298935651,0.3301758766174316,2023-10-20T11:45:24.245842Z,1697802324245,222
-0.3522585332393646,-0.0348533764481544,0.3450750410556793,2023-10-20T11:45:24.255293Z,1697802324255,223
-0.389107346534729,-0.1102803349494934,0.3472034633159637,2023-10-20T11:45:24.270436Z,1697802324270,224
-0.4347360134124756,-0.2028679251670837,0.3320382535457611,2023-10-20T11:45:24.274946Z,1697802324274,225
-0.4883463382720947,-0.3088913559913635,0.2981160879135132,2023-10-20T11:45:24.287255Z,1697802324287,226
-0.5480759739875793,-0.4223643839359283,0.2466342002153396,2023-10-20T11:45:24.295857Z,1697802324295,227
-0.6100671291351318,-0.5363695025444031,0.1802531480789184,2023-10-20T11:45:24.306836Z,1697802324306,228
-0.6697967648506165,-0.644122302532196,0.103628933429718,2023-10-20T11:45:24.319957Z,1697802324319,229
-0.7240722179412842,-0.7399025559425354,0.0231468975543975,2023-10-20T11:45:24.326371Z,1697802324326,230
-0.7720953822135925,-0.8210497498512268,-0.0549406260251998,2023-10-20T11:45:24.336456Z,1697802324336,231
-0.8141322731971741,-0.8871647715568542,-0.1257116049528122,2023-10-20T11:45:24.346879Z,1697802324346,232
-0.8497838377952576,-0.9394447803497314,-0.1858403235673904,2023-10-20T11:45:24.356658Z,1697802324356,233
-0.8777197599411011,-0.9785550832748412,-0.2335974276065826,2023-10-20T11:45:24.370507Z,1697802324370,234
-0.8979400396347046,-1.0070230960845947,-0.2675196230411529,2023-10-20T11:45:24.376728Z,1697802324376,235
-0.911907970905304,-1.028174638748169,-0.2874738276004791,2023-10-20T11:45:24.387445Z,1697802324387,236
-0.922816276550293,-1.0474636554718018,-0.2938591837882995,2023-10-20T11:45:24.396845Z,1697802324396,237
-0.9345227479934692,-1.0715417861938477,-0.2888041138648987,2023-10-20T11:45:24.408004Z,1697802324407,238
-0.9515503644943236,-1.1073263883590698,-0.2759003937244415,2023-10-20T11:45:24.420354Z,1697802324420,239
-0.977224826812744,-1.159739375114441,-0.259537935256958,2023-10-20T11:45:24.427927Z,1697802324427,240
-1.0114130973815918,-1.2289140224456787,-0.2434415221214294,2023-10-20T11:45:24.437014Z,1697802324436,241
-1.0517206192016602,-1.3107264041900637,-0.2306708097457885,2023-10-20T11:45:24.448425Z,1697802324448,242
-1.0949547290802002,-1.3973276615142822,-0.2218909561634063,2023-10-20T11:45:24.457526Z,1697802324457,243
-1.1395190954208374,-1.4816675186157229,-0.2157716602087021,2023-10-20T11:45:24.470393Z,1697802324470,244
-1.1839505434036257,-1.5580257177352903,-0.2100514471530914,2023-10-20T11:45:24.478436Z,1697802324478,245
-1.225056290626526,-1.621480107307434,-0.2035330682992935,2023-10-20T11:45:24.488679Z,1697802324488,246
-1.2585793733596802,-1.6689711809158323,-0.1966156065464019,2023-10-20T11:45:24.497844Z,1697802324497,247
-1.2823914289474487,-1.701030969619751,-0.1896981447935104,2023-10-20T11:45:24.509695Z,1697802324509,248
-1.2967584133148191,-1.7197879552841189,-0.1819825172424316,2023-10-20T11:45:24.519392Z,1697802324519,249
-1.3019465208053589,-1.7276365756988523,-0.1726705431938171,2023-10-20T11:45:24.528973Z,1697802324528,250
-1.2967584133148191,-1.7240447998046875,-0.1614961773157119,2023-10-20T11:45:24.538088Z,1697802324538,251
-1.2787996530532837,-1.707416296005249,-0.1491245627403259,2023-10-20T11:45:24.553724Z,1697802324553,252
-1.2455426454544067,-1.675223469734192,-0.1360878050327301,2023-10-20T11:45:24.559043Z,1697802324558,253
-1.1967213153839111,-1.626535177230835,-0.1222528740763664,2023-10-20T11:45:24.570532Z,1697802324570,254
-1.1348631381988523,-1.56321382522583,-0.1072206869721412,2023-10-20T11:45:24.579281Z,1697802324579,255
-1.0652894973754885,-1.4903143644332886,-0.0913903415203094,2023-10-20T11:45:24.590256Z,1697802324590,256
-0.9945184588432312,-1.4147543907165527,-0.0759590715169906,2023-10-20T11:45:24.602595Z,1697802324602,257
-0.9265410900115968,-1.3425201177597046,-0.0619911178946495,2023-10-20T11:45:24.610437Z,1697802324610,258
-0.863618791103363,-1.278267502784729,-0.0506837256252765,2023-10-20T11:45:24.619913Z,1697802324619,259
1.5347458124160769,0.8226460814476013,-1.3901442289352417,2023-10-20T11:49:11.384089Z,1697802551384,260
1.5275622606277466,0.7473521828651428,-1.5118649005889893,2023-10-20T11:49:11.394276Z,1697802551394,261
1.510135531425476,0.6815032362937927,-1.6303930282592771,2023-10-20T11:49:11.404609Z,1697802551404,262
1.4957685470581057,0.6362736225128174,-1.732425570487976,2023-10-20T11:49:11.413528Z,1697802551413,263
1.4949703216552734,0.6185808777809143,-1.807719588279724,2023-10-20T11:49:11.428361Z,1697802551428,264
1.51691997051239,0.6269617080688477,-1.8536142110824585,2023-10-20T11:49:11.434042Z,1697802551434,265
1.569599151611328,0.6540994048118591,-1.874499678611756,2023-10-20T11:49:11.444834Z,1697802551444,266
1.6520766019821167,0.6888197660446167,-1.8815501928329468,2023-10-20T11:49:11.454501Z,1697802551454,267
1.7522468566894531,0.7208795547485352,-1.886871337890625,2023-10-20T11:49:11.465224Z,1697802551465,268
1.8530821800231927,0.7446916103363037,-1.900174140930176,2023-10-20T11:49:11.477619Z,1697802551477,269
1.9407477378845213,0.7598568201065063,-1.9259816408157349,2023-10-20T11:49:11.485408Z,1697802551485,270
2.0088582038879395,0.7700999975204468,-1.9628304243087769,2023-10-20T11:49:11.494163Z,1697802551494,271
2.0544867515563965,0.7796779870986938,-2.005532503128052,2023-10-20T11:49:11.505679Z,1697802551505,272
2.079629182815552,0.7912514209747314,-2.0473031997680664,2023-10-20T11:49:11.514871Z,1697802551514,273
2.093863010406494,0.8074808716773987,-2.083487033843994,2023-10-20T11:49:11.527824Z,1697802551527,274
2.1074318885803223,0.8299626111984253,-2.111422777175904,2023-10-20T11:49:11.536018Z,1697802551535,275
2.123661518096924,0.8593618869781494,-2.12924861907959,2023-10-20T11:49:11.546847Z,1697802551546,276
2.13856053352356,0.8956785202026367,-2.137230396270752,2023-10-20T11:49:11.555946Z,1697802551555,277
2.1453449726104736,0.9410411715507508,-2.1370973587036133,2023-10-20T11:49:11.566518Z,1697802551566,278
2.137895345687866,0.9982432723045348,-2.129514694213867,2023-10-20T11:49:11.577678Z,1697802551577,279
2.113152265548706,1.068615198135376,-2.1138174533843994,2023-10-20T11:49:11.586353Z,1697802551586,280
2.075904369354248,1.14949631690979,-2.090670347213745,2023-10-20T11:49:11.595889Z,1697802551595,281
2.036527872085572,1.2351664304733276,-2.064064741134644,2023-10-20T11:49:11.606657Z,1697802551606,282
2.0004773139953613,1.3172447681427002,-2.037326097488404,2023-10-20T11:49:11.616172Z,1697802551616,283
1.9668211936950684,1.3873505592346191,-2.012316942214966,2023-10-20T11:49:11.627619Z,1697802551627,284
1.93170177936554,1.4402958154678345,-1.99036717414856,2023-10-20T11:49:11.636479Z,1697802551636,285
1.8911281824111936,1.4735528230667114,-1.972408413887024,2023-10-20T11:49:11.647811Z,1697802551647,286
1.841508746147156,1.4875208139419556,-1.9581743478775024,2023-10-20T11:49:11.660750Z,1697802551660,287
1.7844396829605105,1.4848601818084717,-1.9458028078079224,2023-10-20T11:49:11.667792Z,1697802551667,288
1.72683846950531,1.4703601598739624,-1.9334311485290527,2023-10-20T11:49:11.677505Z,1697802551677,289
1.6748244762420654,1.448277473449707,-1.9191972017288208,2023-10-20T11:49:11.688476Z,1697802551688,290
1.6291958093643188,1.420075535774231,-1.90283465385437,2023-10-20T11:49:11.697792Z,1697802551697,291
1.587291955947876,1.3833597898483276,-1.885807037353516,2023-10-20T11:49:11.710986Z,1697802551710,292
1.5427274703979492,1.3328090906143188,-1.870109796524048,2023-10-20T11:49:11.718148Z,1697802551718,293
1.4852592945098877,1.2631022930145264,-1.8574720621109009,2023-10-20T11:49:11.728932Z,1697802551728,294
1.4090341329574585,1.1754367351531982,-1.8480271100997925,2023-10-20T11:49:11.737479Z,1697802551737,295
1.3157814741134644,1.077794075012207,-1.8408435583114624,2023-10-20T11:49:11.749038Z,1697802551749,296
1.2140148878097534,0.9810826182365416,-1.834192156791687,2023-10-20T11:49:11.760646Z,1697802551760,297
1.1123814582824707,0.893683135509491,-1.825146198272705,2023-10-20T11:49:11.768875Z,1697802551768,298
1.0188626050949097,0.8217148780822754,-1.810513138771057,2023-10-20T11:49:11.778057Z,1697802551778,299
0.941972315311432,0.7724944949150085,-1.7868341207504272,2023-10-20T11:49:11.789675Z,1697802551789,300
0.8879629373550415,0.7506778836250305,-1.7523798942565918,2023-10-20T11:49:11.798874Z,1697802551798,301
0.8589627742767334,0.7558659315109253,-1.7067512273788452,2023-10-20T11:49:11.811010Z,1697802551810,302
0.8541737794876099,0.7822055220603943,-1.6511454582214355,2023-10-20T11:49:11.819449Z,1697802551819,303
0.8722655773162842,0.8238433599472046,-1.5878239870071411,2023-10-20T11:49:11.830475Z,1697802551830,304
0.910045564174652,0.8753252625465393,-1.5190484523773191,2023-10-20T11:49:11.839418Z,1697802551839,305
0.9603302478790284,0.930531919002533,-1.4468141794204712,2023-10-20T11:49:11.850168Z,1697802551850,306
1.014073610305786,0.981880784034729,-1.3743138313293457,2023-10-20T11:49:11.860726Z,1697802551860,307
1.0632940530776978,1.0205919742584229,-1.3067355155944824,2023-10-20T11:49:11.870622Z,1697802551870,308
1.098679542541504,1.036821365356445,-1.2487353086471558,2023-10-20T11:49:11.879592Z,1697802551879,309
1.1117162704467771,1.0229865312576294,-1.2020423412322998,2023-10-20T11:49:11.890658Z,1697802551890,310
1.101473093032837,0.9776238799095154,-1.1649274826049805,2023-10-20T11:49:11.900259Z,1697802551900,311
1.0771290063858032,0.9060547351837158,-1.133266806602478,2023-10-20T11:49:11.911103Z,1697802551911,312
1.053183913230896,0.8173249959945679,-1.101073980331421,2023-10-20T11:49:11.920337Z,1697802551920,313
1.043206810951233,0.7211456298828125,-1.062362790107727,2023-10-20T11:49:11.931175Z,1697802551931,314
1.0566426515579224,0.6256313920021057,-1.013275384902954,2023-10-20T11:49:11.944051Z,1697802551944,315
1.096418023109436,0.5345070958137512,-0.9534127712249756,2023-10-20T11:49:11.951493Z,1697802551951,316
1.155083417892456,0.4453782439231872,-0.885568380355835,2023-10-20T11:49:11.960629Z,1697802551960,317
1.2194690704345703,0.3527906537055969,-0.8161277174949646,2023-10-20T11:49:11.971712Z,1697802551971,318
1.273212432861328,0.252088338136673,-0.7528063058853149,2023-10-20T11:49:11.980735Z,1697802551980,319
1.3018134832382202,0.1411428749561309,-0.7019895315170288,2023-10-20T11:49:11.994123Z,1697802551994,320
1.2982217073440552,0.0230138711631298,-0.6662049889564514,2023-10-20T11:49:12.001389Z,1697802552001,321
1.2648316621780396,-0.093119703233242,-0.645053505897522,2023-10-20T11:49:12.012649Z,1697802552012,322
1.2112213373184204,-0.1956844180822372,-0.6357415318489075,2023-10-20T11:49:12.021598Z,1697802552021,323
1.1456384658813477,-0.2768315970897674,-0.6354754567146301,2023-10-20T11:49:12.032892Z,1697802552032,324
1.0727390050888062,-0.3342997431755066,-0.6410626769065857,2023-10-20T11:49:12.044016Z,1697802552043,325
0.993720293045044,-0.3694191873073578,-0.6497095227241516,2023-10-20T11:49:12.052592Z,1697802552052,326
0.9101786017417908,-0.384983479976654,-0.6594205498695374,2023-10-20T11:49:12.061500Z,1697802552061,327
0.8250405788421631,-0.3837862312793731,-0.6691315770149231,2023-10-20T11:49:12.072843Z,1697802552072,328
0.7416319251060486,-0.3683549463748932,-0.678177535533905,2023-10-20T11:49:12.082227Z,1697802552082,329
0.6614159941673279,-0.3412172198295593,-0.6864252686500549,2023-10-20T11:49:12.093952Z,1697802552093,330
0.585456907749176,-0.3045014441013336,-0.6926776170730591,2023-10-20T11:49:12.102849Z,1697802552102,331
0.5165483355522156,-0.2591388523578644,-0.6946730017662048,2023-10-20T11:49:12.113839Z,1697802552113,332
0.4605434536933899,-0.2037991285324096,-0.6893518567085266,2023-10-20T11:49:12.126920Z,1697802552126,333
0.4232955873012543,-0.1370189934968948,-0.6744527220726013,2023-10-20T11:49:12.134167Z,1697802552134,334
0.4082633852958679,-0.0589314699172973,-0.6487783193588257,2023-10-20T11:49:12.143338Z,1697802552143,335
0.4158459901809692,0.0283349957317113,-0.6128606796264648,2023-10-20T11:49:12.154161Z,1697802552154,336
0.4424516260623932,0.1201244220137596,-0.5688284039497375,2023-10-20T11:49:12.163380Z,1697802552163,337
0.4823600649833679,0.210450530052185,-0.5193418860435486,2023-10-20T11:49:12.177384Z,1697802552177,338
0.5270575284957886,0.2930610179901123,-0.4681260585784912,2023-10-20T11:49:12.183582Z,1697802552183,339
-2.079496145248413,-1.0217891931533811,0.3231253921985626,2023-10-20T11:52:56.166607Z,1697802776166,340
-2.100248575210572,-1.0292388200759888,0.3087583482265472,2023-10-20T11:52:56.173458Z,1697802776173,341
-2.116744041442871,-1.0348260402679443,0.29252889752388,2023-10-20T11:52:56.184606Z,1697802776184,342
-2.1269872188568115,-1.0356241464614868,0.2761664390563965,2023-10-20T11:52:56.193624Z,1697802776193,343
-2.126854181289673,-1.0288397073745728,0.2612673044204712,2023-10-20T11:52:56.204595Z,1697802776204,344
-2.113950252532959,-1.014472723007202,0.2491617351770401,2023-10-20T11:52:56.216422Z,1697802776216,345
-2.08707857131958,-0.9933212399482728,0.2417121529579162,2023-10-20T11:52:56.224680Z,1697802776224,346
-2.045706987380981,-0.9661834836006165,0.239982783794403,2023-10-20T11:52:56.233551Z,1697802776233,347
-1.9901010990142824,-0.9339906573295592,0.2442396879196167,2023-10-20T11:52:56.244856Z,1697802776244,348
-1.9221237897872925,-0.8986051678657532,0.2524874210357666,2023-10-20T11:52:56.254040Z,1697802776253,349
-1.8439031839370728,-0.8610912561416626,0.2619324326515198,2023-10-20T11:52:56.266599Z,1697802776266,350
-1.757301926612854,-0.8209167122840881,0.2693819999694824,2023-10-20T11:52:56.274938Z,1697802776274,351
-1.6639161109924316,-0.7772834897041321,0.2733728587627411,2023-10-20T11:52:56.285587Z,1697802776285,352
-1.56427800655365,-0.7293933629989624,0.2733728587627411,2023-10-20T11:52:56.294955Z,1697802776294,353
-1.4587867259979248,-0.6769802570343018,0.2683177888393402,2023-10-20T11:52:56.306371Z,1697802776306,354
-1.3465110063552856,-0.6196451187133789,0.2576755285263061,2023-10-20T11:52:56.316208Z,1697802776316,355
-1.2261204719543457,-0.5572549104690552,0.2414460927248001,2023-10-20T11:52:56.326132Z,1697802776326,356
-1.078193187713623,-0.4862178862094879,0.2151065170764923,2023-10-20T11:52:56.335650Z,1697802776335,357
-0.9202887415885924,-0.4151808619499206,0.1837118715047836,2023-10-20T11:52:56.350578Z,1697802776350,358
-0.7722284197807312,-0.3315061628818512,0.1680145561695099,2023-10-20T11:52:56.355870Z,1697802776355,359
-0.5979615449905396,-0.2312029302120208,0.1523172408342361,2023-10-20T11:52:56.367027Z,1697802776366,360
-0.3893733918666839,-0.1290373057126999,0.1227849870920181,2023-10-20T11:52:56.376003Z,1697802776375,361
-0.1602989286184311,-0.0204863362014293,0.0925875902175903,2023-10-20T11:52:56.387054Z,1697802776387,362
0.0881976634263992,0.0929866805672645,0.0626562610268592,2023-10-20T11:52:56.399745Z,1697802776399,363
0.3538548946380615,0.2105835676193237,0.0336561240255832,2023-10-20T11:52:56.407064Z,1697802776407,364
0.6358745694160461,0.3339006602764129,0.0045229573734104,2023-10-20T11:52:56.416535Z,1697802776416,365
0.933724582195282,0.4648003578186035,-0.0283349957317113,2023-10-20T11:52:56.427779Z,1697802776427,366
1.244611382484436,0.6038147807121277,-0.0698397830128669,2023-10-20T11:52:56.436610Z,1697802776436,367
1.5608192682266235,0.7477512359619141,-0.1234501227736473,2023-10-20T11:52:56.449629Z,1697802776449,368
1.8702428340911863,0.8912886381149292,-0.19102843105793,2023-10-20T11:52:56.457146Z,1697802776457,369
2.159579038619995,1.028174638748169,-0.2725746929645538,2023-10-20T11:52:56.467745Z,1697802776467,370
2.4148600101470947,1.1508265733718872,-0.3652952909469604,2023-10-20T11:52:56.477573Z,1697802776477,371
2.6237142086029053,1.2508636713027954,-0.4634700715541839,2023-10-20T11:52:56.488418Z,1697802776488,372
2.777494668960572,1.3216346502304075,-0.5592503547668457,2023-10-20T11:52:56.499640Z,1697802776499,373
2.8739402294158936,1.3608779907226562,-0.6453195810317993,2023-10-20T11:52:56.508514Z,1697802776508,374
2.915312051773072,1.370589017868042,-0.7166226506233215,2023-10-20T11:52:56.517856Z,1697802776517,375
2.907463312149048,1.3546257019042969,-0.770898163318634,2023-10-20T11:52:56.528629Z,1697802776528,376
2.8578438758850098,1.3184419870376587,-0.8089441657066345,2023-10-20T11:52:56.537975Z,1697802776537,377
2.7751002311706543,1.267226219177246,-0.8324901461601257,2023-10-20T11:52:56.550Z,1697802776549,378
2.6652190685272217,1.204170823097229,-0.8426002860069275,2023-10-20T11:52:56.558211Z,1697802776558,379
2.53165864944458,1.1302071809768677,-0.8392745852470398,2023-10-20T11:52:56.569538Z,1697802776569,380
2.377878189086914,1.0466655492782593,-0.8226460814476013,2023-10-20T11:52:56.578396Z,1697802776578,381
2.2090654373168945,0.9567384719848632,-0.7939119935035706,2023-10-20T11:52:56.589440Z,1697802776589,382
2.03147292137146,0.8644169569015503,-0.7545356750488281,2023-10-20T11:52:56.599679Z,1697802776599,383
1.8497564792633057,0.7727605104446411,-0.7062464356422424,2023-10-20T11:52:56.609808Z,1697802776609,384
1.667374849319458,0.6833656430244446,-0.6499755382537842,2023-10-20T11:52:56.619101Z,1697802776619,385
1.4865895509719849,0.596365213394165,-0.5866541266441345,2023-10-20T11:52:56.633350Z,1697802776633,386
1.2942309379577637,0.5130895972251892,-0.5129565596580505,2023-10-20T11:52:56.639894Z,1697802776639,387
1.1043996810913086,0.4381947219371795,-0.4380617141723633,2023-10-20T11:52:56.650371Z,1697802776650,388
0.9426375031471252,0.3742081820964813,-0.374075174331665,2023-10-20T11:52:56.659898Z,1697802776659,389
0.8197194933891296,0.2979830503463745,-0.3022399544715881,2023-10-20T11:52:56.670142Z,1697802776670,390
0.7013244032859802,0.2201615869998932,-0.2230882048606872,2023-10-20T11:52:56.683071Z,1697802776683,391
0.5651035904884338,0.1597668081521988,-0.1488585025072097,2023-10-20T11:52:56.690423Z,1697802776690,392
0.4358002245426178,0.1032298430800437,-0.0732985138893127,2023-10-20T11:52:56.699995Z,1697802776699,393
0.3122170865535736,0.0501516126096248,0.0027935912366956,2023-10-20T11:52:56.710890Z,1697802776710,394
0.1903632879257202,-0.0021284504327923,0.0790187194943428,2023-10-20T11:52:56.720813Z,1697802776720,395
0.0650507658720016,-0.0581333041191101,0.1559089869260788,2023-10-20T11:52:56.733144Z,1697802776733,396
-0.0669131577014923,-0.1201244220137596,0.2337304651737213,2023-10-20T11:52:56.740830Z,1697802776740,397
-0.2051294147968292,-0.1873036324977874,0.3112858831882477,2023-10-20T11:52:56.751437Z,1697802776751,398
-0.3476025760173797,-0.2576755285263061,0.3877770602703094,2023-10-20T11:52:56.761007Z,1697802776760,399
-0.4936674833297729,-0.3309740424156189,0.4637361466884613,2023-10-20T11:52:56.771316Z,1697802776771,400
-0.6433241367340088,-0.4079973399639129,0.540892481803894,2023-10-20T11:52:56.782539Z,1697802776782,401
-0.7949762344360352,-0.4876812100410461,0.6203102469444275,2023-10-20T11:52:56.791815Z,1697802776791,402
-0.9460962414741516,-0.5685623288154602,0.7011913657188416,2023-10-20T11:52:56.801367Z,1697802776801,403
-1.0946886539459229,-0.6491773724555969,0.781407356262207,2023-10-20T11:52:56.814709Z,1697802776814,404
-1.2391571998596191,-0.7293933629989624,0.855903148651123,2023-10-20T11:52:56.821699Z,1697802776821,405
-1.3772404193878174,-0.8081459999084473,0.9193575382232666,2023-10-20T11:52:56.832178Z,1697802776832,406
-1.505213499069214,-0.882774829864502,0.9657843708992004,2023-10-20T11:52:56.841900Z,1697802776841,407
-1.619484782218933,-0.9506191611289978,0.9910597205162048,2023-10-20T11:52:56.853459Z,1697802776853,408
-1.7187237739562988,-1.0106148719787598,0.9935872554779052,2023-10-20T11:52:56.865844Z,1697802776865,409
-1.8014671802520752,-1.0620967149734497,0.9731009602546692,2023-10-20T11:52:56.873268Z,1697802776873,410
-1.8653208017349243,-1.1021382808685305,0.9314631223678588,2023-10-20T11:52:56.882821Z,1697802776882,411
-1.908288836479187,-1.127280592918396,0.8718665242195129,2023-10-20T11:52:56.893821Z,1697802776893,412
-1.930903673171997,-1.1365925073623655,0.7993661761283875,2023-10-20T11:52:56.902637Z,1697802776902,413
-1.935958743095398,-1.132867693901062,0.7198153138160706,2023-10-20T11:52:56.916765Z,1697802776916,414
-1.926380634307861,-1.11863374710083,0.6378700137138367,2023-10-20T11:52:56.923172Z,1697802776923,415
-1.903632879257202,-1.0954868793487549,0.5572549104690552,2023-10-20T11:52:56.934422Z,1697802776934,416
-1.868513464927673,-1.0640921592712402,0.4803646504878998,2023-10-20T11:52:56.943173Z,1697802776943,417
-1.821022391319275,-1.006358027458191,0.4087955057621002,2023-10-20T11:52:56.954443Z,1697802776954,418
-1.7606276273727417,-0.942371428012848,0.3430795967578888,2023-10-20T11:52:56.965967Z,1697802776965,419
-1.6883933544158936,-0.8911556005477905,0.2834829986095428,2023-10-20T11:52:56.974306Z,1697802776974,420
-1.6084433794021606,-0.8352837562561035,0.2312029302120208,2023-10-20T11:52:56.983480Z,1697802776983,421
-1.5247687101364136,-0.7788798213005066,0.1869045495986938,2023-10-20T11:52:56.994283Z,1697802776994,422
-1.4388325214385986,-0.7228749990463257,0.1508539170026779,2023-10-20T11:52:57.004034Z,1697802777003,423
-1.3505017757415771,-0.6662049889564514,0.1218537837266922,2023-10-20T11:52:57.016315Z,1697802777016,424
-1.2587124109268188,-0.6075395941734314,0.0980417504906654,2023-10-20T11:52:57.024489Z,1697802777024,425
-1.1634641885757446,-0.5471447706222534,0.0780875235795974,2023-10-20T11:52:57.035161Z,1697802777035,426
-1.0643582344055176,-0.4855527579784393,0.0607938654720783,2023-10-20T11:52:57.048665Z,1697802777048,427
-0.9593990445137024,-0.4220983386039734,0.0446974597871303,2023-10-20T11:52:57.055428Z,1697802777055,428
-0.8387424945831299,-0.3613044619560241,0.0340552069246768,2023-10-20T11:52:57.065427Z,1697802777065,429
-0.7094391584396362,-0.2830839157104492,0.0125046465545892,2023-10-20T11:52:57.075875Z,1697802777075,430
-0.5708237886428833,-0.1891660392284393,-0.0215505603700876,2023-10-20T11:52:57.085245Z,1697802777085,431
-0.4134514927864074,-0.0976426601409912,-0.0548075996339321,2023-10-20T11:52:57.099424Z,1697802777099,432
-0.2441066652536392,-0.0006651407456956,-0.0935187935829162,2023-10-20T11:52:57.105617Z,1697802777105,433
-0.0659819617867469,0.1004362553358078,-0.1367529332637787,2023-10-20T11:52:57.116431Z,1697802777116,434
0.116000548005104,0.2030009627342224,-0.1826476454734802,2023-10-20T11:52:57.125985Z,1697802777125,435
0.2962536811828613,0.3043684065341949,-0.2293405383825302,2023-10-20T11:52:57.136622Z,1697802777136,436
0.4706535935401916,0.4025431871414184,-0.2752352356910705,2023-10-20T11:52:57.149093Z,1697802777149,437
0.6358745694160461,0.4956628978252411,-0.3187354505062103,2023-10-20T11:52:57.156964Z,1697802777156,438
0.7896550893783569,0.5823972225189209,-0.3591760098934173,2023-10-20T11:52:57.165984Z,1697802777165,439
0.9310640096664428,0.6626132130622864,-0.396822988986969,2023-10-20T11:52:57.176730Z,1697802777176,440
1.0598353147506714,0.7367098927497864,-0.4323414862155914,2023-10-20T11:52:57.185965Z,1697802777185,441
1.1765010356903076,0.804554283618927,-0.4654655158519745,2023-10-20T11:52:57.199526Z,1697802777199,442
1.281859278678894,0.8649490475654602,-0.4955298602581024,2023-10-20T11:52:57.206648Z,1697802777206,443
1.3757771253585815,0.9168300032615662,-0.5216034054756165,2023-10-20T11:52:57.217677Z,1697802777217,444
1.456525206565857,0.9587339162826538,-0.5427548885345459,2023-10-20T11:52:57.226705Z,1697802777226,445
1.5215760469436646,0.9890643358230592,-0.5579200983047485,2023-10-20T11:52:57.237810Z,1697802777237,446
1.5685349702835083,1.006890058517456,-0.566832959651947,2023-10-20T11:52:57.248967Z,1697802777248,447
1.5963377952575684,1.0130094289779663,-0.5694935321807861,2023-10-20T11:52:57.257814Z,1697802777257,448
1.6045855283737185,1.0090185403823853,-0.566832959651947,2023-10-20T11:52:57.267588Z,1697802777267,449
1.5939433574676514,0.9962478280067444,-0.5596494078636169,2023-10-20T11:52:57.278002Z,1697802777277,450
1.5658743381500244,0.9756284952163696,-0.5492732524871826,2023-10-20T11:52:57.287557Z,1697802777287,451
1.5237044095993042,0.9483577013015748,-0.5374337434768677,2023-10-20T11:52:57.299165Z,1697802777299,452
1.4707592725753784,0.9157658219337464,-0.5258603096008301,2023-10-20T11:52:57.308252Z,1697802777308,453
1.4102314710617063,0.8789169788360596,-0.5158831477165222,2023-10-20T11:52:57.319026Z,1697802777318,454
1.345180630683899,0.8388755321502686,-0.5072363615036011,2023-10-20T11:52:57.328248Z,1697802777328,455
1.278267502784729,0.7967056035995483,-0.4996537268161773,2023-10-20T11:52:57.339376Z,1697802777339,456
1.211753487586975,0.7541366219520569,-0.492736279964447,2023-10-20T11:52:57.348672Z,1697802777348,457
1.1467026472091677,0.7117006182670593,-0.4847545921802521,2023-10-20T11:52:57.359352Z,1697802777359,458
1.0829821825027466,0.6689985990524292,-0.473846286535263,2023-10-20T11:52:57.368953Z,1697802777368,459
0.3272492587566376,0.0431011207401752,0.0877985805273056,2023-10-20T11:57:01.105580Z,1697803021105,460
0.3549191057682037,0.066114991903305,0.0484222471714019,2023-10-20T11:57:01.116812Z,1697803021116,461
0.3805935382843017,0.0844728797674179,0.0110413366928696,2023-10-20T11:57:01.128343Z,1697803021128,462
0.4009468555450439,0.0935187935829162,-0.0218166168779134,2023-10-20T11:57:01.137193Z,1697803021137,463
0.4177083969116211,0.0959132984280586,-0.0490873865783214,2023-10-20T11:57:01.145916Z,1697803021145,464
0.4351350963115692,0.0988399162888526,-0.0706379488110542,2023-10-20T11:57:01.157258Z,1697803021157,465
0.4540250897407532,0.1054913252592086,-0.0868673846125602,2023-10-20T11:57:01.165991Z,1697803021165,466
0.4695893824100494,0.11307393014431,-0.0981747731566429,2023-10-20T11:57:01.178407Z,1697803021178,467
0.4766398668289184,0.1170647740364074,-0.1048261821269989,2023-10-20T11:57:01.186805Z,1697803021186,468
0.474112331867218,0.1167987138032913,-0.1069546341896057,2023-10-20T11:57:01.197459Z,1697803021197,469
0.463204026222229,0.1144042089581489,-0.1056243553757667,2023-10-20T11:57:01.206819Z,1697803021206,470
0.444580078125,0.1105463951826095,-0.1015004813671112,2023-10-20T11:57:01.217849Z,1697803021217,471
0.4017450213432312,0.1001701951026916,-0.091656394302845,2023-10-20T11:57:01.227017Z,1697803021226,472
0.3691531121730804,0.088995836675167,-0.0840737894177436,2023-10-20T11:57:01.237692Z,1697803021237,473
0.3414832651615143,0.079417809844017,-0.0776884406805038,2023-10-20T11:57:01.247770Z,1697803021247,474
0.2915977239608764,0.0677113309502601,-0.0663810446858406,2023-10-20T11:57:01.261930Z,1697803021261,475
0.2490286976099014,0.0578672476112842,-0.0566699914634227,2023-10-20T11:57:01.267387Z,1697803021267,476
0.201936736702919,0.0180918294936418,-0.0618580915033817,2023-10-20T11:57:01.279028Z,1697803021278,477
0.1487254798412323,-0.0313946455717086,-0.0764911845326423,2023-10-20T11:57:01.287944Z,1697803021287,478
0.0979087203741073,-0.0611929483711719,-0.088862806558609,2023-10-20T11:57:01.299298Z,1697803021299,479
0.0492204166948795,-0.0923215374350547,-0.1053582951426506,2023-10-20T11:57:01.311556Z,1697803021311,480
0.004789013415575,-0.1221198439598083,-0.1245143488049507,2023-10-20T11:57:01.319126Z,1697803021319,481
-0.0333900675177574,-0.1485924422740936,-0.1439364552497863,2023-10-20T11:57:01.328077Z,1697803021328,482
-0.0649177357554435,-0.1701430082321167,-0.1612301170825958,2023-10-20T11:57:01.339455Z,1697803021339,483
-0.0899270325899124,-0.1858403235673904,-0.1729366034269333,2023-10-20T11:57:01.348833Z,1697803021348,484
-0.1081518903374672,-0.1938220113515854,-0.1759962439537048,2023-10-20T11:57:01.360355Z,1697803021360,485
-0.1213216781616211,-0.1947532147169113,-0.1670833528041839,2023-10-20T11:57:01.368769Z,1697803021368,486
-0.134624496102333,-0.1926247626543045,-0.14433553814888,2023-10-20T11:57:01.379576Z,1697803021379,487
-0.1536475121974945,-0.1915605366230011,-0.1070876643061637,2023-10-20T11:57:01.389554Z,1697803021389,488
-0.1814503967761993,-0.1926247626543045,-0.0569360479712486,2023-10-20T11:57:01.400558Z,1697803021400,489
-0.2204276472330093,-0.1955513805150985,0.0026605629827827,2023-10-20T11:57:01.409579Z,1697803021409,490
-0.2744370698928833,-0.2027349025011062,0.0670461878180503,2023-10-20T11:57:01.420357Z,1697803021420,491
-0.3472034633159637,-0.2176340520381927,0.1318309009075164,2023-10-20T11:57:01.429818Z,1697803021429,492
-0.4385938048362732,-0.2430424392223358,0.1932899057865142,2023-10-20T11:57:01.443122Z,1697803021443,493
-0.543686032295227,-0.277762770652771,0.2483635544776916,2023-10-20T11:57:01.450635Z,1697803021450,494
-0.6531682014465332,-0.318203330039978,0.2946573495864868,2023-10-20T11:57:01.460891Z,1697803021460,495
-0.7557329535484314,-0.3591760098934173,0.3303089141845703,2023-10-20T11:57:01.470410Z,1697803021470,496
-0.841403067111969,-0.395891785621643,0.3537218570709228,2023-10-20T11:57:01.481010Z,1697803021480,497
-0.9024629592895508,-0.4246258735656738,0.363166868686676,2023-10-20T11:57:01.490170Z,1697803021490,498
-0.9354539513587952,-0.4420525431632995,0.3578457236289978,2023-10-20T11:57:01.501579Z,1697803021501,499
-0.9431695938110352,-0.4480388164520263,0.3378915190696716,2023-10-20T11:57:01.510449Z,1697803021510,500
-0.9347888231277466,-0.4468415677547455,0.3035702407360077,2023-10-20T11:57:01.521738Z,1697803021521,501
-0.9210869073867798,-0.4452452361583709,0.2558131217956543,2023-10-20T11:57:01.531007Z,1697803021530,502
-0.9101786017417908,-0.4480388164520263,0.1956844180822372,2023-10-20T11:57:01.543253Z,1697803021543,503
-0.9059216976165771,-0.4574838280677795,0.1262437105178833,2023-10-20T11:57:01.551334Z,1697803021551,504
-0.9092473983764648,-0.4727820456027984,0.0517479516565799,2023-10-20T11:57:01.561682Z,1697803021561,505
-0.9192245602607728,-0.4935344457626343,-0.022614786401391,2023-10-20T11:57:01.571739Z,1697803021571,506
-0.9338576197624208,-0.5192088484764099,-0.091656394302845,2023-10-20T11:57:01.582850Z,1697803021582,507
-0.9483577013015748,-0.5462135672569275,-0.1503218114376068,2023-10-20T11:57:01.594422Z,1697803021594,508
-0.955408215522766,-0.5669659972190857,-0.1955513805150985,2023-10-20T11:57:01.603416Z,1697803021603,509
-0.9506191611289978,-0.5756128430366516,-0.2254827171564102,2023-10-20T11:57:01.612377Z,1697803021612,510
-0.9358530640602112,-0.5732182860374451,-0.2397167235612869,2023-10-20T11:57:01.623452Z,1697803021623,511
-0.9165639877319336,-0.5652366280555725,-0.2387855350971222,2023-10-20T11:57:01.632481Z,1697803021632,512
-0.89687579870224,-0.5567228198051453,-0.2242854684591293,2023-10-20T11:57:01.644957Z,1697803021644,513
-0.8789169788360596,-0.5502044558525085,-0.1979458928108215,2023-10-20T11:57:01.652791Z,1697803021652,514
-0.862820565700531,-0.5460805892944336,-0.162028282880783,2023-10-20T11:57:01.663632Z,1697803021663,515
-0.8489856719970703,-0.5443512201309204,-0.1183950528502464,2023-10-20T11:57:01.673001Z,1697803021672,516
-0.8360819220542908,-0.5442181825637817,-0.0698397830128669,2023-10-20T11:57:01.684143Z,1697803021684,517
-0.8209167122840881,-0.5423557758331299,-0.0203533079475164,2023-10-20T11:57:01.694180Z,1697803021694,518
-0.8001643419265747,-0.5350392460823059,0.0259404890239238,2023-10-20T11:57:01.704556Z,1697803021704,519
-0.7715632915496826,-0.5202730894088745,0.0651837959885597,2023-10-20T11:57:01.713349Z,1697803021713,520
-0.736842930316925,-0.4999198019504547,0.0943169593811035,2023-10-20T11:57:01.728023Z,1697803021727,521
-0.6986638307571411,-0.4771719872951507,0.1118766739964485,2023-10-20T11:57:01.733848Z,1697803021733,522
-0.6588884592056274,-0.4536260068416595,0.117330826818943,2023-10-20T11:57:01.745427Z,1697803021745,523
-0.6176497340202332,-0.428882747888565,0.111743651330471,2023-10-20T11:57:01.754047Z,1697803021754,524
-0.5730853080749512,-0.4010798931121826,0.0971105545759201,2023-10-20T11:57:01.765072Z,1697803021765,525
-0.523199737071991,-0.3687540292739868,0.0756930187344551,2023-10-20T11:57:01.777949Z,1697803021777,526
-0.4604104459285736,-0.3257859349250793,0.0587984435260295,2023-10-20T11:57:01.785009Z,1697803021784,527
-0.4006807804107666,-0.2834829986095428,0.0276698563247919,2023-10-20T11:57:01.794412Z,1697803021794,528
-0.3444098830223083,-0.2434415221214294,-0.0171606317162513,2023-10-20T11:57:01.805679Z,1697803021805,529
-0.277762770652771,-0.1950192749500274,-0.0549406260251998,2023-10-20T11:57:01.815060Z,1697803021815,530
-0.2085881382226944,-0.1442025154829025,-0.0949821025133133,2023-10-20T11:57:01.828136Z,1697803021828,531
-0.1391474455595016,-0.0920554846525192,-0.1364868879318237,2023-10-20T11:57:01.835372Z,1697803021835,532
-0.0730324536561966,-0.0412387289106845,-0.1787898391485214,2023-10-20T11:57:01.846171Z,1697803021846,533
-0.0122385900467634,0.0061192950233817,-0.2210927903652191,2023-10-20T11:57:01.855353Z,1697803021855,534
0.041903868317604,0.0482892207801342,-0.2625975608825683,2023-10-20T11:57:01.866316Z,1697803021866,535
0.0866013243794441,0.0815462544560432,-0.3022399544715881,2023-10-20T11:57:01.877808Z,1697803021877,536
0.1194592788815498,0.1028307601809501,-0.3393548130989074,2023-10-20T11:57:01.886606Z,1697803021886,537
0.1411428749561309,0.1137390732765197,-0.3731439709663391,2023-10-20T11:57:01.895946Z,1697803021895,538
0.154977798461914,0.1194592788815498,-0.4017450213432312,2023-10-20T11:57:01.906368Z,1697803021906,539
0.1638906896114349,0.1242482960224151,-0.4230295121669769,2023-10-20T11:57:01.916003Z,1697803021915,540
0.1686796993017196,0.1290373057126999,-0.4348690211772918,2023-10-20T11:57:01.927930Z,1697803021927,541
0.168546661734581,0.1319639235734939,-0.4361993074417114,2023-10-20T11:57:01.936478Z,1697803021936,542
0.1622943431138992,0.1295694261789322,-0.4268873333930969,2023-10-20T11:57:01.947110Z,1697803021947,543
0.1503218114376068,0.1207895651459693,-0.4078643023967743,2023-10-20T11:57:01.961241Z,1697803021961,544
0.1327620893716812,0.106555551290512,-0.3670246601104736,2023-10-20T11:57:01.967415Z,1697803021967,545
0.1185280829668045,0.0892618894577026,-0.3328364491462707,2023-10-20T11:57:01.977497Z,1697803021977,546
0.1062894910573959,0.0744957625865936,-0.3037032783031463,2023-10-20T11:57:01.988051Z,1697803021988,547
0.0908582285046577,0.0635874569416046,-0.2594048976898193,2023-10-20T11:57:01.997453Z,1697803021997,548
0.1170647740364074,0.0576011911034584,-0.2139092683792114,2023-10-20T11:57:02.011383Z,1697803022011,549
0.173867791891098,0.0670461878180503,-0.1657530814409256,2023-10-20T11:57:02.017275Z,1697803022017,550
0.2288084179162979,0.093119703233242,-0.1197253391146659,2023-10-20T11:57:02.028281Z,1697803022028,551
0.2969188392162323,0.127840057015419,-0.0751609057188034,2023-10-20T11:57:02.037549Z,1697803022037,552
0.3712815642356872,0.1656200438737869,-0.0339221805334091,2023-10-20T11:57:02.049139Z,1697803022049,553
0.4456443190574646,0.2015376538038253,0.0027935912366956,2023-10-20T11:57:02.060752Z,1697803022060,554
0.5172134637832642,0.2334644049406051,0.0355185158550739,2023-10-20T11:57:02.068949Z,1697803022068,555
0.5878514051437378,0.2635287642478943,0.066114991903305,2023-10-20T11:57:02.078087Z,1697803022078,556
0.6626132130622864,0.2967858016490936,0.0961793512105941,2023-10-20T11:57:02.088920Z,1697803022088,557
0.7456228137016296,0.337093323469162,0.1274409741163253,2023-10-20T11:57:02.098355Z,1697803022098,558
0.8396736979484558,0.3856486082077026,0.1606980115175247,2023-10-20T11:57:02.110843Z,1697803022110,559
0.9470273852348328,0.4437819123268127,0.1963495463132858,2023-10-20T11:57:02.118419Z,1697803022118,560
1.0688811540603638,0.5129565596580505,0.2322671562433242,2023-10-20T11:57:02.129853Z,1697803022129,561
1.2024414539337158,0.5925073623657227,0.2657902538776397,2023-10-20T11:57:02.139284Z,1697803022139,562
1.339593529701233,0.6775124073028564,0.2945243418216705,2023-10-20T11:57:02.150530Z,1697803022150,563
1.467699646949768,0.759590744972229,0.3168730437755584,2023-10-20T11:57:02.160707Z,1697803022160,564
1.574255108833313,0.83049476146698,0.3319052457809448,2023-10-20T11:57:02.170497Z,1697803022170,565
1.6475536823272705,0.882774829864502,0.340419054031372,2023-10-20T11:57:02.179811Z,1697803022179,566
1.6786822080612185,0.910976767539978,0.3440108001232147,2023-10-20T11:57:02.190409Z,1697803022190,567
1.6631180047988892,0.9121740460395812,0.3452080488204956,2023-10-20T11:57:02.199954Z,1697803022199,568
1.6027231216430664,0.8876968622207642,0.3452080488204956,2023-10-20T11:57:02.211027Z,1697803022210,569
1.5061447620391846,0.8440636396408081,0.3434786796569824,2023-10-20T11:57:02.220116Z,1697803022220,570
1.386419415473938,0.7897881269454956,0.3390887677669525,2023-10-20T11:57:02.231097Z,1697803022231,571
1.2549875974655151,0.7319208979606628,0.3316391706466675,2023-10-20T11:57:02.244106Z,1697803022244,572
1.117303490638733,0.6719251871109009,0.3216620683670044,2023-10-20T11:57:02.251037Z,1697803022251,573
0.9758945107460022,0.6086037755012512,0.3104877173900604,2023-10-20T11:57:02.260623Z,1697803022260,574
0.8383434414863586,0.5339750051498413,0.2825517952442169,2023-10-20T11:57:02.271503Z,1697803022271,575
0.7023886442184448,0.4694563448429107,0.273638904094696,2023-10-20T11:57:02.280922Z,1697803022280,576
0.5865211486816406,0.4143826961517334,0.265923261642456,2023-10-20T11:57:02.294607Z,1697803022294,577
0.4822270572185516,0.3630338311195373,0.2527534961700439,2023-10-20T11:57:02.301436Z,1697803022301,578
0.3930981755256653,0.3191345334053039,0.2414460927248001,2023-10-20T11:57:02.311834Z,1697803022311,579
0.3428135514259338,0.2962536811828613,0.2216248959302902,2023-10-20T11:57:02.321685Z,1697803022321,580
0.321795105934143,0.2991803288459778,0.2069918066263198,2023-10-20T11:57:02.332631Z,1697803022332,581
0.3321712911128998,0.3080931901931762,0.1782577186822891,2023-10-20T11:57:02.344428Z,1697803022344,582
0.3674237430095672,0.3309740424156189,0.1473951935768127,2023-10-20T11:57:02.352561Z,1697803022352,583
0.4223643839359283,0.3652952909469604,0.1140051260590553,2023-10-20T11:57:02.361712Z,1697803022361,584
0.4894105792045593,0.4060019254684448,0.0786196365952491,2023-10-20T11:57:02.373100Z,1697803022373,585
0.5563237071037292,0.4428507089614868,0.0420368947088718,2023-10-20T11:57:02.381582Z,1697803022381,586
0.6098010540008545,0.4655985236167907,0.0055871824733912,2023-10-20T11:57:02.394511Z,1697803022394,587
0.6433241367340088,0.4705205857753753,-0.0295322500169277,2023-10-20T11:57:02.402751Z,1697803022402,588
0.6556957364082336,0.4598783254623413,-0.0627892911434173,2023-10-20T11:57:02.413104Z,1697803022413,589
0.6469159126281738,0.4358002245426178,-0.0925875902175903,2023-10-20T11:57:02.422305Z,1697803022422,590
0.61592036485672,0.3981532454490661,-0.117330826818943,2023-10-20T11:57:02.433956Z,1697803022433,591
0.5645714998245239,0.348666787147522,-0.1360878050327301,2023-10-20T11:57:02.444397Z,1697803022444,592
0.4952638149261474,0.2979830503463745,-0.133427232503891,2023-10-20T11:57:02.453763Z,1697803022453,593
0.421832263469696,0.2405149042606353,-0.1424731463193893,2023-10-20T11:57:02.463087Z,1697803022463,594
0.3481346666812897,0.1795880049467086,-0.1624273806810379,2023-10-20T11:57:02.473778Z,1697803022473,595
0.2669875025749206,0.125445544719696,-0.1606980115175247,2023-10-20T11:57:02.483198Z,1697803022483,596
0.1823816001415252,0.0709040015935897,-0.1545787155628204,2023-10-20T11:57:02.494453Z,1697803022494,597
0.0975096374750137,0.017825772985816,-0.1450006812810897,2023-10-20T11:57:02.504084Z,1697803022504,598
0.0163624621927738,-0.0299313347786664,-0.1328951269388198,2023-10-20T11:57:02.515240Z,1697803022515,599
-0.0582663305103778,-0.0705049186944961,-0.1185280829668045,2023-10-20T11:57:02.527286Z,1697803022527,600
-0.1251794844865799,-0.1046931520104408,-0.1021656244993209,2023-10-20T11:57:02.535028Z,1697803022535,601
-0.1835788488388061,-0.133427232503891,-0.0847389325499534,2023-10-20T11:57:02.544324Z,1697803022544,602
-0.2309368699789047,-0.1559089869260788,-0.0682434439659118,2023-10-20T11:57:02.554542Z,1697803022554,603
-0.2637948393821716,-0.1689457595348358,-0.0550736561417579,2023-10-20T11:57:02.564880Z,1697803022564,604
-0.280689388513565,-0.1713402569293975,-0.0468259081244468,2023-10-20T11:57:02.577740Z,1697803022577,605
-0.2829508781433105,-0.1642897725105285,-0.0442983731627464,2023-10-20T11:57:02.585133Z,1697803022585,606
-0.2600700259208679,-0.1469961106777191,-0.0413717553019523,2023-10-20T11:57:02.595750Z,1697803022595,607
-0.2419782131910324,-0.1279730796813964,-0.0514818951487541,2023-10-20T11:57:02.605354Z,1697803022605,608
-0.2266799658536911,-0.111743651330471,-0.0599956959486007,2023-10-20T11:57:02.615841Z,1697803022615,609
-0.1966156065464019,-0.0912573114037513,-0.079417809844017,2023-10-20T11:57:02.627146Z,1697803022627,610
-0.1709411740303039,-0.0736975967884063,-0.0960463285446167,2023-10-20T11:57:02.636984Z,1697803022636,611
-0.1444685757160186,-0.0589314699172973,-0.1194592788815498,2023-10-20T11:57:02.646088Z,1697803022646,612
-0.1261106878519058,-0.0480231642723083,-0.1608310341835022,2023-10-20T11:57:02.660701Z,1697803022660,613
-0.1242482960224151,-0.0490873865783214,-0.1803861707448959,2023-10-20T11:57:02.665984Z,1697803022665,614
-0.1400786489248275,-0.0602617524564266,-0.1971477270126342,2023-10-20T11:57:02.677317Z,1697803022677,615
-0.1747989952564239,-0.0820783674716949,-0.2096523642539978,2023-10-20T11:57:02.686240Z,1697803022686,616
-0.2273451089859008,-0.1134730130434036,-0.216702863574028,2023-10-20T11:57:02.697443Z,1697803022697,617
-0.2933270633220672,-0.1513860374689102,-0.2177670896053314,2023-10-20T11:57:02.710167Z,1697803022710,618
-0.3660934865474701,-0.1914275139570236,-0.2135101854801178,2023-10-20T11:57:02.717433Z,1697803022717,619
-0.4380617141723633,-0.2289414554834365,-0.2051294147968292,2023-10-20T11:57:02.726407Z,1697803022726,620
-0.5035115480422974,-0.2606021463871002,-0.1947532147169113,2023-10-20T11:57:02.737588Z,1697803022737,621
-0.559516429901123,-0.2853453755378723,-0.184776097536087,2023-10-20T11:57:02.747257Z,1697803022747,622
-0.6055441498756409,-0.3045014441013336,-0.1779916733503341,2023-10-20T11:57:02.760696Z,1697803022760,623
-0.6423929333686829,-0.3209969401359558,-0.1765283644199371,2023-10-20T11:57:02.767130Z,1697803022767,624
-0.6708609461784363,-0.336827278137207,-0.181583434343338,2023-10-20T11:57:02.778083Z,1697803022778,625
-0.6905491352081299,-0.3517264425754547,-0.1926247626543045,2023-10-20T11:57:02.787709Z,1697803022787,626
-0.6986638307571411,-0.3619695901870727,-0.2093863040208816,2023-10-20T11:57:02.798893Z,1697803022798,627
-0.6920124292373657,-0.3623686730861664,-0.2312029302120208,2023-10-20T11:57:02.810021Z,1697803022809,628
-0.6708609461784363,-0.351859450340271,-0.2571434080600738,2023-10-20T11:57:02.818764Z,1697803022818,629
-0.6417278051376343,-0.3356300294399261,-0.285212367773056,2023-10-20T11:57:02.828207Z,1697803022828,630
-0.6153882145881653,-0.3229923546314239,-0.3138134181499481,2023-10-20T11:57:02.838667Z,1697803022838,631
-0.60048907995224,-0.3212629854679107,-0.3420153856277466,2023-10-20T11:57:02.848378Z,1697803022848,632
-0.6011542081832886,-0.333634614944458,-0.3695521950721741,2023-10-20T11:57:02.861102Z,1697803022861,633
-0.6168515682220459,-0.3577126860618591,-0.3960248231887817,2023-10-20T11:57:02.868381Z,1697803022868,634
-0.644122302532196,-0.3880431056022644,-0.4209010601043701,2023-10-20T11:57:02.879663Z,1697803022879,635
-0.679108738899231,-0.4202359318733215,-0.4420525431632995,2023-10-20T11:57:02.888590Z,1697803022888,636
-0.7178199291229248,-0.452029675245285,-0.45615354180336,2023-10-20T11:57:02.899631Z,1697803022899,637
-0.7567971348762512,-0.4831582605838775,-0.4604104459285736,2023-10-20T11:57:02.910406Z,1697803022910,638
-0.7927147746086121,-0.5124244689941406,-0.4538920521736145,2023-10-20T11:57:02.919801Z,1697803022919,639
-0.8219809532165527,-0.5355713367462158,-0.437263548374176,2023-10-20T11:57:02.929562Z,1697803022929,640
-0.8426002860069275,-0.5499383807182312,-0.4114560782909393,2023-10-20T11:57:02.939939Z,1697803022939,641
-0.8553709983825684,-0.5564567446708679,-0.3774008750915527,2023-10-20T11:57:02.949657Z,1697803022949,642
-0.8620223999023438,-0.5580530762672424,-0.3372263610363006,2023-10-20T11:57:02.960732Z,1697803022960,643
-0.8634857535362244,-0.5572549104690552,-0.2937261462211609,2023-10-20T11:57:02.969917Z,1697803022969,644
-0.8597609400749207,-0.5540622472763062,-0.2490286976099014,2023-10-20T11:57:02.980809Z,1697803022980,645
-0.8499168753623962,-0.5471447706222534,-0.2044642716646194,2023-10-20T11:57:02.993486Z,1697803022993,646
-0.8327562212944031,-0.533708930015564,-0.1613631546497345,2023-10-20T11:57:03.001466Z,1697803023001,647
-0.8070818185806274,-0.5110941529273987,-0.121188648045063,2023-10-20T11:57:03.009744Z,1697803023009,648
-0.7735586762428284,-0.4808967709541321,-0.0858031585812568,2023-10-20T11:57:03.021530Z,1697803023021,649
-0.734581470489502,-0.4463094472885132,-0.0564039349555969,2023-10-20T11:57:03.030043Z,1697803023029,650
-0.6934757828712463,-0.411190003156662,-0.0331240110099315,2023-10-20T11:57:03.043963Z,1697803023043,651
-0.6533012390136719,-0.3780660033226013,-0.0156973227858543,2023-10-20T11:57:03.050964Z,1697803023050,652
-0.615521252155304,-0.347735583782196,-0.0042569008655846,2023-10-20T11:57:03.061913Z,1697803023061,653
-0.5804018378257751,-0.3195336163043976,0.0006651407456956,2023-10-20T11:57:03.071878Z,1697803023071,654
-0.5458145141601562,-0.2910656034946441,-0.0025275349617004,2023-10-20T11:57:03.082341Z,1697803023082,655
-0.5076354146003723,-0.2570104002952575,-0.0156973227858543,2023-10-20T11:57:03.093573Z,1697803023093,656
-0.4612086117267608,-0.2123129367828369,-0.0397754162549972,2023-10-20T11:57:03.102588Z,1697803023102,657
-0.4046716392040252,-0.1565741300582885,-0.0759590715169906,2023-10-20T11:57:03.111305Z,1697803023111,658
-0.3397538959980011,-0.0948490723967552,-0.123982235789299,2023-10-20T11:57:03.122725Z,1697803023122,659
